order_id,order_date,supplier,shipping_mode,product_category,order_value_eur,promised_lead_time_days,actual_lead_time_days,is_delayed,delay_days,is_defective,is_otif
ORD-10000,2025-04-13,Supplier A (Germany),Ocean Cargo,Raw Materials,682.1,14,12,False,0,False,True
ORD-10001,2025-12-15,Supplier D (India),Ocean Cargo,Industrial Components,7660.26,14,12,False,0,False,True
ORD-10002,2025-09-28,Supplier A (Germany),Ocean Cargo,Raw Materials,10470.96,30,28,False,0,False,True
ORD-10003,2025-04-17,Supplier C (USA),Ocean Cargo,Industrial Components,2988.13,14,19,True,5,False,False
ORD-10004,2025-03-13,Supplier D (India),Ocean Cargo,Raw Materials,10406.77,45,47,True,2,False,False
ORD-10005,2025-07-08,Supplier C (USA),Ocean Cargo,Raw Materials,2281.94,21,21,False,0,False,True
ORD-10006,2025-01-21,Supplier D (India),Express Courier,Heavy Machinery,2898.69,45,46,True,1,False,False
ORD-10007,2025-04-13,Supplier B (China),Air Freight,Heavy Machinery,2643.52,14,15,True,1,False,False
ORD-10008,2025-05-02,Supplier E (Vietnam),Air Freight,Industrial Components,10520.0,21,22,True,1,False,False
ORD-10009,2025-08-03,Supplier A (Germany),Air Freight,Electronics,1216.88,7,7,False,0,False,True
ORD-10010,2025-11-27,Supplier A (Germany),Air Freight,Heavy Machinery,18253.6,7,6,False,0,False,True
ORD-10011,2025-03-29,Supplier C (USA),Ocean Cargo,Raw Materials,3850.85,45,43,False,0,False,True
ORD-10012,2025-04-10,Supplier E (Vietnam),Air Freight,Heavy Machinery,8037.95,21,19,False,0,False,True
ORD-10013,2025-12-26,Supplier D (India),Express Courier,Heavy Machinery,7502.31,45,44,False,0,False,True
ORD-10014,2025-06-01,Supplier A (Germany),Air Freight,Industrial Components,5546.85,21,20,False,0,False,True
ORD-10015,2025-05-11,Supplier B (China),Air Freight,Heavy Machinery,3039.51,21,25,True,4,False,False
ORD-10016,2025-05-30,Supplier E (Vietnam),Ocean Cargo,Heavy Machinery,13278.45,45,44,False,0,False,True
ORD-10017,2025-11-05,Supplier B (China),Air Freight,Raw Materials,3255.56,21,21,False,0,False,True
ORD-10018,2025-09-15,Supplier D (India),Ocean Cargo,Heavy Machinery,2738.05,14,12,False,0,False,True
ORD-10019,2025-12-10,Supplier D (India),Ocean Cargo,Raw Materials,9918.61,21,21,False,0,False,True
ORD-10020,2025-10-21,Supplier B (China),Air Freight,Heavy Machinery,5522.58,21,26,True,5,False,False
ORD-10021,2025-07-11,Supplier B (China),Air Freight,Heavy Machinery,14563.26,45,56,True,11,False,False
ORD-10022,2025-10-04,Supplier B (China),Ocean Cargo,Electronics,4674.45,7,7,False,0,False,True
ORD-10023,2025-06-10,Supplier A (Germany),Air Freight,Heavy Machinery,2919.89,30,31,True,1,False,False
ORD-10024,2025-11-10,Supplier D (India),Air Freight,Raw Materials,6122.92,21,21,False,0,False,True
ORD-10025,2025-01-22,Supplier B (China),Air Freight,Raw Materials,3435.46,30,28,False,0,False,True
ORD-10026,2025-09-10,Supplier D (India),Air Freight,Industrial Components,2988.31,21,24,True,3,False,False
ORD-10027,2025-08-24,Supplier A (Germany),Ocean Cargo,Industrial Components,9561.6,45,49,True,4,False,False
ORD-10028,2025-12-11,Supplier E (Vietnam),Ocean Cargo,Electronics,21274.07,45,46,True,1,False,False
ORD-10029,2025-02-18,Supplier B (China),Ocean Cargo,Raw Materials,4035.28,21,24,True,3,False,False
ORD-10030,2025-02-28,Supplier A (Germany),Air Freight,Raw Materials,2253.43,45,49,True,4,False,False
ORD-10031,2025-06-19,Supplier A (Germany),Air Freight,Raw Materials,4346.97,45,44,False,0,False,True
ORD-10032,2025-07-07,Supplier D (India),Express Courier,Electronics,7419.31,21,28,True,7,False,False
ORD-10033,2025-09-28,Supplier C (USA),Ocean Cargo,Raw Materials,6038.94,7,6,False,0,False,True
ORD-10034,2025-07-09,Supplier D (India),Express Courier,Industrial Components,12776.79,21,21,False,0,False,True
ORD-10035,2025-06-24,Supplier A (Germany),Ocean Cargo,Electronics,8367.18,7,7,False,0,False,True
ORD-10036,2025-02-20,Supplier A (Germany),Ocean Cargo,Industrial Components,2033.01,45,46,True,1,False,False
ORD-10037,2025-12-30,Supplier B (China),Ocean Cargo,Industrial Components,3312.13,7,10,True,3,False,False
ORD-10038,2025-02-24,Supplier B (China),Ocean Cargo,Electronics,1628.37,45,56,True,11,False,False
ORD-10039,2025-09-01,Supplier B (China),Ocean Cargo,Heavy Machinery,12280.2,7,7,False,0,False,True
ORD-10040,2025-11-16,Supplier E (Vietnam),Ocean Cargo,Heavy Machinery,998.74,7,6,False,0,False,True
ORD-10041,2025-05-11,Supplier E (Vietnam),Air Freight,Industrial Components,1760.47,21,20,False,0,False,True
ORD-10042,2025-11-03,Supplier E (Vietnam),Ocean Cargo,Heavy Machinery,3263.51,7,8,True,1,False,False
ORD-10043,2025-05-15,Supplier D (India),Express Courier,Raw Materials,7716.64,45,48,True,3,False,False
ORD-10044,2025-01-21,Supplier B (China),Rail Freight,Electronics,3237.89,21,21,False,0,False,True
ORD-10045,2025-11-25,Supplier B (China),Ocean Cargo,Industrial Components,3669.52,7,5,False,0,False,True
ORD-10046,2025-06-16,Supplier B (China),Ocean Cargo,Raw Materials,3727.82,21,21,False,0,False,True
ORD-10047,2025-10-01,Supplier D (India),Air Freight,Heavy Machinery,5643.31,30,28,False,0,False,True
ORD-10048,2025-03-30,Supplier A (Germany),Ocean Cargo,Raw Materials,1851.2,21,19,False,0,False,True
ORD-10049,2025-11-12,Supplier B (China),Ocean Cargo,Heavy Machinery,2303.67,30,42,True,12,False,False
ORD-10050,2025-01-14,Supplier A (Germany),Rail Freight,Industrial Components,18858.88,30,35,True,5,False,False
ORD-10051,2025-08-30,Supplier B (China),Ocean Cargo,Raw Materials,6781.27,21,20,False,0,False,True
ORD-10052,2025-09-22,Supplier D (India),Ocean Cargo,Electronics,9032.87,45,43,False,0,False,True
ORD-10053,2025-12-12,Supplier D (India),Ocean Cargo,Industrial Components,5148.31,45,48,True,3,False,False
ORD-10054,2025-02-22,Supplier A (Germany),Express Courier,Raw Materials,4393.04,45,44,False,0,False,True
ORD-10055,2025-12-06,Supplier E (Vietnam),Ocean Cargo,Raw Materials,7084.78,14,17,True,3,False,False
ORD-10056,2025-04-02,Supplier C (USA),Ocean Cargo,Heavy Machinery,8796.34,30,36,True,6,False,False
ORD-10057,2025-09-21,Supplier A (Germany),Rail Freight,Industrial Components,9670.74,21,24,True,3,False,False
ORD-10058,2025-02-04,Supplier B (China),Air Freight,Industrial Components,4441.52,45,44,False,0,False,True
ORD-10059,2025-07-25,Supplier B (China),Express Courier,Industrial Components,10554.43,45,43,False,0,False,True
ORD-10060,2025-03-22,Supplier A (Germany),Air Freight,Industrial Components,683.36,21,30,True,9,False,False
ORD-10061,2025-02-19,Supplier E (Vietnam),Express Courier,Heavy Machinery,10034.95,30,39,True,9,False,False
ORD-10062,2025-12-26,Supplier B (China),Ocean Cargo,Electronics,3492.86,21,21,False,0,False,True
ORD-10063,2025-01-02,Supplier D (India),Ocean Cargo,Industrial Components,7651.87,14,12,False,0,False,True
ORD-10064,2025-02-23,Supplier B (China),Express Courier,Heavy Machinery,2923.5,14,14,False,0,False,True
ORD-10065,2025-04-16,Supplier A (Germany),Air Freight,Electronics,1700.44,21,22,True,1,False,False
ORD-10066,2025-09-17,Supplier B (China),Air Freight,Electronics,6449.53,30,34,True,4,True,False
ORD-10067,2025-11-06,Supplier A (Germany),Ocean Cargo,Heavy Machinery,1478.49,45,47,True,2,False,False
ORD-10068,2025-07-10,Supplier B (China),Ocean Cargo,Industrial Components,3569.78,14,14,False,0,False,True
ORD-10069,2025-08-06,Supplier E (Vietnam),Ocean Cargo,Electronics,2565.88,14,15,True,1,False,False
ORD-10070,2025-02-13,Supplier B (China),Air Freight,Industrial Components,4272.58,30,32,True,2,False,False
ORD-10071,2025-06-11,Supplier C (USA),Air Freight,Industrial Components,9299.98,14,14,False,0,False,True
ORD-10072,2025-07-21,Supplier A (Germany),Air Freight,Raw Materials,3321.34,14,14,False,0,False,True
ORD-10073,2025-09-27,Supplier A (Germany),Air Freight,Industrial Components,6321.19,30,30,False,0,False,True
ORD-10074,2025-12-17,Supplier A (Germany),Ocean Cargo,Raw Materials,8879.29,21,22,True,1,False,False
ORD-10075,2025-10-31,Supplier C (USA),Express Courier,Electronics,3023.58,45,48,True,3,False,False
ORD-10076,2025-09-28,Supplier A (Germany),Rail Freight,Heavy Machinery,3058.86,45,47,True,2,False,False
ORD-10077,2025-08-03,Supplier B (China),Express Courier,Raw Materials,14697.95,14,13,False,0,False,True
ORD-10078,2025-09-09,Supplier C (USA),Air Freight,Heavy Machinery,4612.33,45,44,False,0,False,True
ORD-10079,2025-07-09,Supplier B (China),Ocean Cargo,Electronics,7385.77,21,19,False,0,False,True
ORD-10080,2025-10-23,Supplier A (Germany),Air Freight,Industrial Components,7341.14,14,15,True,1,False,False
ORD-10081,2025-08-01,Supplier B (China),Air Freight,Electronics,1884.86,45,43,False,0,False,True
ORD-10082,2025-07-27,Supplier E (Vietnam),Ocean Cargo,Heavy Machinery,2673.92,7,5,False,0,False,True
ORD-10083,2025-08-25,Supplier C (USA),Air Freight,Electronics,6636.09,7,8,True,1,False,False
ORD-10084,2025-12-04,Supplier B (China),Air Freight,Industrial Components,940.25,7,7,False,0,False,True
ORD-10085,2025-02-22,Supplier A (Germany),Rail Freight,Electronics,4150.41,7,9,True,2,False,False
ORD-10086,2025-10-07,Supplier E (Vietnam),Ocean Cargo,Industrial Components,2459.65,7,6,False,0,False,True
ORD-10087,2025-08-05,Supplier C (USA),Ocean Cargo,Raw Materials,11949.02,14,16,True,2,False,False
ORD-10088,2025-09-09,Supplier B (China),Air Freight,Heavy Machinery,6482.7,30,35,True,5,False,False
ORD-10089,2025-07-07,Supplier D (India),Air Freight,Industrial Components,12746.31,30,37,True,7,False,False
ORD-10090,2025-02-10,Supplier B (China),Express Courier,Industrial Components,4763.32,14,15,True,1,False,False
ORD-10091,2025-06-06,Supplier B (China),Air Freight,Electronics,4486.77,14,16,True,2,False,False
ORD-10092,2025-01-15,Supplier C (USA),Ocean Cargo,Raw Materials,3850.88,21,23,True,2,False,False
ORD-10093,2025-10-28,Supplier A (Germany),Air Freight,Industrial Components,3286.39,30,36,True,6,False,False
ORD-10094,2025-03-06,Supplier E (Vietnam),Ocean Cargo,Raw Materials,42096.72,7,7,False,0,False,True
ORD-10095,2025-12-11,Supplier D (India),Air Freight,Raw Materials,9374.38,14,13,False,0,False,True
ORD-10096,2025-11-23,Supplier C (USA),Express Courier,Electronics,2094.46,7,11,True,4,False,False
ORD-10097,2025-01-09,Supplier A (Germany),Express Courier,Industrial Components,40596.9,30,29,False,0,False,True
ORD-10098,2025-12-10,Supplier A (Germany),Express Courier,Electronics,3554.66,45,47,True,2,False,False
ORD-10099,2025-05-09,Supplier B (China),Air Freight,Heavy Machinery,6354.52,45,48,True,3,False,False
ORD-10100,2025-05-16,Supplier D (India),Express Courier,Heavy Machinery,10422.04,14,15,True,1,False,False
ORD-10101,2025-03-04,Supplier B (China),Ocean Cargo,Industrial Components,1436.03,21,20,False,0,True,False
ORD-10102,2025-05-19,Supplier B (China),Ocean Cargo,Raw Materials,2535.48,7,9,True,2,False,False
ORD-10103,2025-03-22,Supplier D (India),Ocean Cargo,Industrial Components,18371.06,14,13,False,0,False,True
ORD-10104,2025-06-12,Supplier A (Germany),Air Freight,Industrial Components,4105.72,21,22,True,1,False,False
ORD-10105,2025-10-16,Supplier C (USA),Air Freight,Heavy Machinery,10926.39,7,5,False,0,False,True
ORD-10106,2025-09-18,Supplier A (Germany),Express Courier,Heavy Machinery,3419.42,30,34,True,4,False,False
ORD-10107,2025-08-19,Supplier E (Vietnam),Air Freight,Raw Materials,4554.87,45,44,False,0,False,True
ORD-10108,2025-02-10,Supplier B (China),Ocean Cargo,Raw Materials,20500.52,21,21,False,0,False,True
ORD-10109,2025-01-28,Supplier A (Germany),Ocean Cargo,Industrial Components,6974.46,7,7,False,0,False,True
ORD-10110,2025-05-15,Supplier B (China),Express Courier,Electronics,3729.84,14,35,True,21,False,False
ORD-10111,2025-07-20,Supplier B (China),Rail Freight,Industrial Components,2844.97,7,7,False,0,False,True
ORD-10112,2025-11-24,Supplier D (India),Express Courier,Raw Materials,3061.01,14,15,True,1,False,False
ORD-10113,2025-09-25,Supplier D (India),Air Freight,Electronics,13269.83,45,44,False,0,False,True
ORD-10114,2025-02-02,Supplier C (USA),Air Freight,Heavy Machinery,9067.02,45,47,True,2,False,False
ORD-10115,2025-02-17,Supplier A (Germany),Ocean Cargo,Raw Materials,1960.7,7,9,True,2,False,False
ORD-10116,2025-03-03,Supplier A (Germany),Air Freight,Raw Materials,5269.77,7,5,False,0,False,True
ORD-10117,2025-08-04,Supplier A (Germany),Air Freight,Electronics,4658.96,14,15,True,1,True,False
ORD-10118,2025-10-20,Supplier C (USA),Ocean Cargo,Raw Materials,6328.85,14,13,False,0,False,True
ORD-10119,2025-04-09,Supplier D (India),Ocean Cargo,Raw Materials,3032.5,21,22,True,1,False,False
ORD-10120,2025-06-21,Supplier B (China),Rail Freight,Raw Materials,11828.23,21,28,True,7,False,False
ORD-10121,2025-12-26,Supplier A (Germany),Air Freight,Raw Materials,4909.51,21,27,True,6,False,False
ORD-10122,2025-08-02,Supplier C (USA),Air Freight,Raw Materials,6625.95,7,7,False,0,False,True
ORD-10123,2025-02-04,Supplier D (India),Air Freight,Raw Materials,2623.46,21,19,False,0,False,True
ORD-10124,2025-08-15,Supplier D (India),Rail Freight,Raw Materials,2731.35,7,5,False,0,False,True
ORD-10125,2025-04-11,Supplier D (India),Express Courier,Raw Materials,41192.39,45,45,False,0,False,True
ORD-10126,2025-05-11,Supplier B (China),Express Courier,Heavy Machinery,20745.07,30,33,True,3,False,False
ORD-10127,2025-09-14,Supplier A (Germany),Rail Freight,Raw Materials,4648.29,45,47,True,2,False,False
ORD-10128,2025-01-05,Supplier D (India),Ocean Cargo,Heavy Machinery,16754.18,7,10,True,3,False,False
ORD-10129,2025-08-06,Supplier C (USA),Ocean Cargo,Heavy Machinery,12967.35,7,7,False,0,False,True
ORD-10130,2025-09-12,Supplier B (China),Ocean Cargo,Industrial Components,2980.45,30,28,False,0,False,True
ORD-10131,2025-12-25,Supplier D (India),Ocean Cargo,Industrial Components,2751.92,14,14,False,0,False,True
ORD-10132,2025-10-10,Supplier D (India),Ocean Cargo,Heavy Machinery,8391.22,14,13,False,0,False,True
ORD-10133,2025-07-26,Supplier C (USA),Ocean Cargo,Heavy Machinery,6051.42,14,14,False,0,False,True
ORD-10134,2025-01-15,Supplier C (USA),Rail Freight,Raw Materials,3563.14,21,22,True,1,False,False
ORD-10135,2025-12-12,Supplier B (China),Rail Freight,Industrial Components,8751.51,14,14,False,0,False,True
ORD-10136,2025-02-11,Supplier B (China),Express Courier,Electronics,1550.01,21,19,False,0,False,True
ORD-10137,2025-06-28,Supplier B (China),Express Courier,Industrial Components,5388.39,21,23,True,2,False,False
ORD-10138,2025-03-04,Supplier D (India),Ocean Cargo,Heavy Machinery,1824.13,14,12,False,0,False,True
ORD-10139,2025-12-18,Supplier D (India),Air Freight,Heavy Machinery,1872.83,14,17,True,3,False,False
ORD-10140,2025-08-19,Supplier D (India),Air Freight,Raw Materials,2792.21,30,29,False,0,False,True
ORD-10141,2025-08-29,Supplier A (Germany),Ocean Cargo,Raw Materials,6572.37,30,33,True,3,False,False
ORD-10142,2025-02-21,Supplier D (India),Express Courier,Industrial Components,2863.53,21,22,True,1,False,False
ORD-10143,2025-04-06,Supplier D (India),Air Freight,Raw Materials,1854.76,30,29,False,0,False,True
ORD-10144,2025-08-10,Supplier C (USA),Rail Freight,Electronics,7199.73,21,22,True,1,False,False
ORD-10145,2025-08-19,Supplier D (India),Air Freight,Electronics,16223.2,7,8,True,1,False,False
ORD-10146,2025-08-25,Supplier D (India),Air Freight,Raw Materials,8193.37,21,29,True,8,False,False
ORD-10147,2025-05-23,Supplier B (China),Ocean Cargo,Electronics,20773.62,21,21,False,0,False,True
ORD-10148,2025-06-20,Supplier B (China),Air Freight,Electronics,15174.06,30,31,True,1,False,False
ORD-10149,2025-01-29,Supplier A (Germany),Air Freight,Industrial Components,3327.77,7,10,True,3,False,False
ORD-10150,2025-02-05,Supplier B (China),Ocean Cargo,Electronics,8149.63,45,47,True,2,False,False
ORD-10151,2025-01-13,Supplier C (USA),Express Courier,Heavy Machinery,4567.38,45,45,False,0,False,True
ORD-10152,2025-06-09,Supplier D (India),Ocean Cargo,Heavy Machinery,11495.14,45,45,False,0,False,True
ORD-10153,2025-11-23,Supplier A (Germany),Ocean Cargo,Industrial Components,4566.72,7,6,False,0,False,True
ORD-10154,2025-07-06,Supplier A (Germany),Ocean Cargo,Raw Materials,2615.06,14,14,False,0,False,True
ORD-10155,2025-08-31,Supplier C (USA),Air Freight,Industrial Components,14745.96,7,7,False,0,False,True
ORD-10156,2025-03-27,Supplier A (Germany),Rail Freight,Raw Materials,6337.48,30,28,False,0,False,True
ORD-10157,2025-10-11,Supplier A (Germany),Air Freight,Raw Materials,2890.48,21,20,False,0,False,True
ORD-10158,2025-03-07,Supplier A (Germany),Rail Freight,Raw Materials,3297.83,21,19,False,0,False,True
ORD-10159,2025-06-19,Supplier A (Germany),Ocean Cargo,Raw Materials,2875.73,30,34,True,4,False,False
ORD-10160,2025-02-14,Supplier A (Germany),Rail Freight,Raw Materials,2205.26,30,28,False,0,False,True
ORD-10161,2025-03-03,Supplier B (China),Air Freight,Industrial Components,3354.26,21,20,False,0,False,True
ORD-10162,2025-05-14,Supplier B (China),Ocean Cargo,Raw Materials,6623.75,14,12,False,0,False,True
ORD-10163,2025-10-11,Supplier D (India),Air Freight,Electronics,5173.21,14,14,False,0,False,True
ORD-10164,2025-01-28,Supplier B (China),Air Freight,Electronics,3461.39,14,15,True,1,False,False
ORD-10165,2025-04-18,Supplier D (India),Ocean Cargo,Raw Materials,16259.07,30,30,False,0,False,True
ORD-10166,2025-02-13,Supplier A (Germany),Air Freight,Electronics,983.87,21,20,False,0,False,True
ORD-10167,2025-12-06,Supplier A (Germany),Ocean Cargo,Heavy Machinery,6278.64,21,30,True,9,False,False
ORD-10168,2025-10-13,Supplier D (India),Air Freight,Industrial Components,4384.33,21,23,True,2,False,False
ORD-10169,2025-11-27,Supplier A (Germany),Ocean Cargo,Industrial Components,2261.66,7,6,False,0,False,True
ORD-10170,2025-05-08,Supplier B (China),Express Courier,Raw Materials,6578.51,7,18,True,11,False,False
ORD-10171,2025-12-14,Supplier C (USA),Ocean Cargo,Raw Materials,4122.44,45,52,True,7,False,False
ORD-10172,2025-08-19,Supplier C (USA),Ocean Cargo,Heavy Machinery,13328.49,7,12,True,5,False,False
ORD-10173,2025-07-09,Supplier A (Germany),Ocean Cargo,Raw Materials,9842.37,14,23,True,9,False,False
ORD-10174,2025-08-13,Supplier B (China),Express Courier,Electronics,22581.91,14,15,True,1,False,False
ORD-10175,2025-10-10,Supplier C (USA),Ocean Cargo,Heavy Machinery,3338.73,14,14,False,0,False,True
ORD-10176,2025-05-01,Supplier A (Germany),Ocean Cargo,Electronics,15021.59,14,18,True,4,False,False
ORD-10177,2025-04-26,Supplier C (USA),Rail Freight,Industrial Components,1933.94,45,45,False,0,False,True
ORD-10178,2025-08-21,Supplier D (India),Express Courier,Electronics,4498.46,14,20,True,6,False,False
ORD-10179,2025-09-16,Supplier E (Vietnam),Ocean Cargo,Industrial Components,3387.35,30,30,False,0,False,True
ORD-10180,2025-12-25,Supplier A (Germany),Ocean Cargo,Electronics,7958.19,30,35,True,5,False,False
ORD-10181,2025-07-17,Supplier D (India),Express Courier,Industrial Components,7805.79,30,30,False,0,False,True
ORD-10182,2025-05-17,Supplier B (China),Ocean Cargo,Raw Materials,2391.09,7,8,True,1,False,False
ORD-10183,2025-11-14,Supplier B (China),Air Freight,Electronics,8321.13,21,21,False,0,False,True
ORD-10184,2025-06-14,Supplier A (Germany),Air Freight,Industrial Components,3625.0,45,45,False,0,False,True
ORD-10185,2025-08-13,Supplier D (India),Express Courier,Electronics,2556.93,30,31,True,1,False,False
ORD-10186,2025-11-03,Supplier A (Germany),Air Freight,Heavy Machinery,4868.66,30,30,False,0,False,True
ORD-10187,2025-08-22,Supplier B (China),Express Courier,Raw Materials,1507.98,14,16,True,2,False,False
ORD-10188,2025-06-21,Supplier A (Germany),Ocean Cargo,Industrial Components,10353.14,30,28,False,0,False,True
ORD-10189,2025-06-01,Supplier D (India),Ocean Cargo,Heavy Machinery,4700.87,14,15,True,1,False,False
ORD-10190,2025-11-11,Supplier D (India),Air Freight,Electronics,4783.86,14,12,False,0,False,True
ORD-10191,2025-06-09,Supplier D (India),Air Freight,Heavy Machinery,4583.72,21,20,False,0,False,True
ORD-10192,2025-04-06,Supplier B (China),Rail Freight,Electronics,18351.75,7,9,True,2,False,False
ORD-10193,2025-08-21,Supplier A (Germany),Express Courier,Raw Materials,16565.91,14,16,True,2,False,False
ORD-10194,2025-06-29,Supplier C (USA),Ocean Cargo,Heavy Machinery,14481.23,14,12,False,0,False,True
ORD-10195,2025-04-23,Supplier B (China),Ocean Cargo,Raw Materials,4591.52,21,30,True,9,False,False
ORD-10196,2025-11-14,Supplier A (Germany),Ocean Cargo,Industrial Components,2013.24,14,13,False,0,False,True
ORD-10197,2025-02-21,Supplier C (USA),Ocean Cargo,Electronics,4852.34,45,44,False,0,False,True
ORD-10198,2025-09-25,Supplier E (Vietnam),Ocean Cargo,Electronics,6320.29,7,15,True,8,False,False
ORD-10199,2025-10-22,Supplier D (India),Air Freight,Raw Materials,9415.27,45,45,False,0,False,True
ORD-10200,2025-04-23,Supplier D (India),Ocean Cargo,Raw Materials,6304.04,30,33,True,3,False,False
ORD-10201,2025-04-11,Supplier E (Vietnam),Express Courier,Industrial Components,2162.03,7,13,True,6,False,False
ORD-10202,2025-04-23,Supplier A (Germany),Rail Freight,Heavy Machinery,3202.44,30,31,True,1,False,False
ORD-10203,2025-03-22,Supplier C (USA),Air Freight,Electronics,2978.25,14,19,True,5,False,False
ORD-10204,2025-07-06,Supplier E (Vietnam),Express Courier,Electronics,7564.66,21,20,False,0,False,True
ORD-10205,2025-04-23,Supplier A (Germany),Ocean Cargo,Industrial Components,7714.66,45,45,False,0,False,True
ORD-10206,2025-01-02,Supplier D (India),Ocean Cargo,Industrial Components,8567.28,30,28,False,0,False,True
ORD-10207,2025-05-10,Supplier C (USA),Air Freight,Raw Materials,6253.08,14,12,False,0,False,True
ORD-10208,2025-08-08,Supplier C (USA),Ocean Cargo,Raw Materials,946.38,45,51,True,6,False,False
ORD-10209,2025-02-23,Supplier C (USA),Ocean Cargo,Heavy Machinery,1235.6,45,45,False,0,False,True
ORD-10210,2025-12-09,Supplier E (Vietnam),Ocean Cargo,Industrial Components,4393.36,30,30,False,0,False,True
ORD-10211,2025-08-12,Supplier D (India),Express Courier,Heavy Machinery,5315.93,14,30,True,16,False,False
ORD-10212,2025-08-13,Supplier A (Germany),Express Courier,Industrial Components,13398.96,21,20,False,0,False,True
ORD-10213,2025-05-06,Supplier D (India),Ocean Cargo,Electronics,5230.36,30,43,True,13,False,False
ORD-10214,2025-05-10,Supplier A (Germany),Rail Freight,Industrial Components,2251.25,45,46,True,1,False,False
ORD-10215,2025-02-22,Supplier B (China),Ocean Cargo,Industrial Components,8347.62,45,47,True,2,False,False
ORD-10216,2025-06-21,Supplier B (China),Air Freight,Electronics,4847.4,7,7,False,0,False,True
ORD-10217,2025-08-06,Supplier B (China),Ocean Cargo,Industrial Components,3562.99,14,18,True,4,False,False
ORD-10218,2025-06-09,Supplier B (China),Air Freight,Heavy Machinery,1350.62,7,10,True,3,False,False
ORD-10219,2025-07-17,Supplier E (Vietnam),Ocean Cargo,Raw Materials,5261.39,21,24,True,3,False,False
ORD-10220,2025-09-04,Supplier D (India),Air Freight,Raw Materials,5902.05,30,36,True,6,False,False
ORD-10221,2025-11-20,Supplier C (USA),Air Freight,Heavy Machinery,2215.17,45,46,True,1,False,False
ORD-10222,2025-07-22,Supplier A (Germany),Express Courier,Electronics,8914.96,14,16,True,2,False,False
ORD-10223,2025-07-03,Supplier E (Vietnam),Air Freight,Industrial Components,8298.56,45,46,True,1,False,False
ORD-10224,2025-05-03,Supplier E (Vietnam),Ocean Cargo,Heavy Machinery,5110.9,7,5,False,0,False,True
ORD-10225,2025-09-12,Supplier D (India),Air Freight,Raw Materials,4961.08,7,8,True,1,False,False
ORD-10226,2025-10-21,Supplier A (Germany),Ocean Cargo,Raw Materials,10475.87,30,31,True,1,False,False
ORD-10227,2025-10-07,Supplier A (Germany),Ocean Cargo,Heavy Machinery,6594.72,14,16,True,2,False,False
ORD-10228,2025-11-21,Supplier A (Germany),Express Courier,Raw Materials,2802.3,14,14,False,0,False,True
ORD-10229,2025-04-08,Supplier A (Germany),Ocean Cargo,Heavy Machinery,4195.98,30,30,False,0,False,True
ORD-10230,2025-07-17,Supplier B (China),Air Freight,Raw Materials,7673.13,7,11,True,4,False,False
ORD-10231,2025-08-28,Supplier E (Vietnam),Ocean Cargo,Heavy Machinery,966.95,7,5,False,0,False,True
ORD-10232,2025-05-24,Supplier B (China),Air Freight,Industrial Components,2332.69,7,7,False,0,False,True
ORD-10233,2025-04-07,Supplier A (Germany),Ocean Cargo,Industrial Components,8482.07,45,49,True,4,False,False
ORD-10234,2025-07-20,Supplier B (China),Ocean Cargo,Industrial Components,12927.37,21,21,False,0,False,True
ORD-10235,2025-05-04,Supplier A (Germany),Rail Freight,Industrial Components,11123.76,7,10,True,3,False,False
ORD-10236,2025-07-06,Supplier A (Germany),Air Freight,Raw Materials,10043.04,21,21,False,0,False,True
ORD-10237,2025-11-22,Supplier B (China),Ocean Cargo,Electronics,5452.31,21,26,True,5,False,False
ORD-10238,2025-12-15,Supplier B (China),Air Freight,Heavy Machinery,2157.87,14,12,False,0,False,True
ORD-10239,2025-09-16,Supplier D (India),Ocean Cargo,Electronics,4199.42,30,33,True,3,False,False
ORD-10240,2025-05-28,Supplier E (Vietnam),Ocean Cargo,Raw Materials,997.63,45,45,False,0,False,True
ORD-10241,2025-09-09,Supplier B (China),Rail Freight,Raw Materials,13912.25,21,22,True,1,False,False
ORD-10242,2025-12-12,Supplier B (China),Air Freight,Electronics,2556.28,45,47,True,2,False,False
ORD-10243,2025-05-27,Supplier D (India),Air Freight,Electronics,3207.74,14,21,True,7,False,False
ORD-10244,2025-05-28,Supplier B (China),Ocean Cargo,Raw Materials,11463.18,7,8,True,1,False,False
ORD-10245,2025-12-18,Supplier A (Germany),Air Freight,Raw Materials,1350.59,21,22,True,1,False,False
ORD-10246,2025-07-18,Supplier D (India),Air Freight,Heavy Machinery,1897.85,30,32,True,2,False,False
ORD-10247,2025-11-04,Supplier A (Germany),Ocean Cargo,Industrial Components,6089.84,14,18,True,4,False,False
ORD-10248,2025-05-08,Supplier C (USA),Air Freight,Industrial Components,7452.5,45,44,False,0,False,True
ORD-10249,2025-02-08,Supplier C (USA),Air Freight,Heavy Machinery,4640.79,7,16,True,9,False,False
ORD-10250,2025-12-04,Supplier B (China),Express Courier,Electronics,4763.48,45,45,False,0,False,True
ORD-10251,2025-12-26,Supplier B (China),Ocean Cargo,Raw Materials,13557.6,30,32,True,2,False,False
ORD-10252,2025-05-09,Supplier D (India),Air Freight,Electronics,8176.79,21,25,True,4,False,False
ORD-10253,2025-09-24,Supplier A (Germany),Air Freight,Industrial Components,7338.84,30,30,False,0,False,True
ORD-10254,2025-05-31,Supplier A (Germany),Ocean Cargo,Industrial Components,9140.93,45,44,False,0,False,True
ORD-10255,2025-10-25,Supplier D (India),Air Freight,Electronics,3864.27,45,46,True,1,False,False
ORD-10256,2025-04-09,Supplier B (China),Ocean Cargo,Industrial Components,27960.07,30,29,False,0,False,True
ORD-10257,2025-09-20,Supplier A (Germany),Air Freight,Raw Materials,775.86,30,30,False,0,False,True
ORD-10258,2025-09-09,Supplier D (India),Ocean Cargo,Heavy Machinery,15777.45,30,29,False,0,False,True
ORD-10259,2025-05-24,Supplier B (China),Ocean Cargo,Electronics,10114.1,7,10,True,3,False,False
ORD-10260,2025-12-12,Supplier D (India),Ocean Cargo,Raw Materials,5994.7,45,45,False,0,False,True
ORD-10261,2025-04-22,Supplier D (India),Express Courier,Raw Materials,5239.72,14,15,True,1,False,False
ORD-10262,2025-03-01,Supplier C (USA),Ocean Cargo,Industrial Components,4339.69,7,10,True,3,False,False
ORD-10263,2025-01-02,Supplier B (China),Air Freight,Raw Materials,11881.7,7,7,False,0,False,True
ORD-10264,2025-10-31,Supplier E (Vietnam),Air Freight,Electronics,4760.5,7,5,False,0,False,True
ORD-10265,2025-09-11,Supplier A (Germany),Ocean Cargo,Raw Materials,2745.43,14,19,True,5,False,False
ORD-10266,2025-05-20,Supplier D (India),Air Freight,Heavy Machinery,10113.09,30,35,True,5,False,False
ORD-10267,2025-02-06,Supplier A (Germany),Air Freight,Raw Materials,17462.53,45,45,False,0,True,False
ORD-10268,2025-06-09,Supplier B (China),Express Courier,Raw Materials,1051.81,21,24,True,3,False,False
ORD-10269,2025-01-09,Supplier B (China),Ocean Cargo,Heavy Machinery,32392.22,21,23,True,2,False,False
ORD-10270,2025-08-21,Supplier E (Vietnam),Ocean Cargo,Raw Materials,2144.4,45,54,True,9,False,False
ORD-10271,2025-04-09,Supplier E (Vietnam),Ocean Cargo,Raw Materials,2279.61,14,15,True,1,False,False
ORD-10272,2025-05-27,Supplier A (Germany),Ocean Cargo,Industrial Components,1815.45,21,22,True,1,False,False
ORD-10273,2025-10-31,Supplier A (Germany),Air Freight,Electronics,4918.11,7,9,True,2,False,False
ORD-10274,2025-07-27,Supplier D (India),Express Courier,Industrial Components,1765.56,21,22,True,1,False,False
ORD-10275,2025-05-11,Supplier B (China),Air Freight,Electronics,1945.73,45,43,False,0,False,True
ORD-10276,2025-06-01,Supplier A (Germany),Express Courier,Heavy Machinery,2833.19,7,14,True,7,False,False
ORD-10277,2025-02-23,Supplier C (USA),Express Courier,Heavy Machinery,5490.44,21,24,True,3,False,False
ORD-10278,2025-04-30,Supplier B (China),Express Courier,Heavy Machinery,5930.61,45,52,True,7,False,False
ORD-10279,2025-06-10,Supplier E (Vietnam),Ocean Cargo,Electronics,13265.98,14,20,True,6,False,False
ORD-10280,2025-04-26,Supplier A (Germany),Air Freight,Electronics,13023.61,45,46,True,1,False,False
ORD-10281,2025-03-16,Supplier B (China),Ocean Cargo,Electronics,11155.51,14,12,False,0,False,True
ORD-10282,2025-04-23,Supplier B (China),Ocean Cargo,Heavy Machinery,3986.65,7,7,False,0,False,True
ORD-10283,2025-04-14,Supplier D (India),Ocean Cargo,Electronics,1126.71,45,54,True,9,False,False
ORD-10284,2025-12-06,Supplier B (China),Express Courier,Raw Materials,1106.93,30,30,False,0,False,True
ORD-10285,2025-09-11,Supplier C (USA),Ocean Cargo,Industrial Components,11094.27,30,32,True,2,False,False
ORD-10286,2025-08-15,Supplier A (Germany),Air Freight,Heavy Machinery,9652.8,30,31,True,1,False,False
ORD-10287,2025-04-22,Supplier D (India),Air Freight,Industrial Components,3000.81,30,32,True,2,False,False
ORD-10288,2025-04-09,Supplier B (China),Ocean Cargo,Raw Materials,1552.17,30,31,True,1,False,False
ORD-10289,2025-06-02,Supplier A (Germany),Ocean Cargo,Electronics,2126.6,14,16,True,2,False,False
ORD-10290,2025-12-15,Supplier C (USA),Express Courier,Industrial Components,5651.95,45,51,True,6,False,False
ORD-10291,2025-12-04,Supplier A (Germany),Ocean Cargo,Raw Materials,5660.39,7,13,True,6,False,False
ORD-10292,2025-07-13,Supplier A (Germany),Express Courier,Raw Materials,11316.59,30,31,True,1,False,False
ORD-10293,2025-11-06,Supplier D (India),Express Courier,Industrial Components,3427.95,30,30,False,0,False,True
ORD-10294,2025-06-12,Supplier B (China),Express Courier,Heavy Machinery,4043.12,7,14,True,7,False,False
ORD-10295,2025-07-27,Supplier D (India),Air Freight,Industrial Components,12091.49,7,5,False,0,False,True
ORD-10296,2025-06-18,Supplier B (China),Express Courier,Heavy Machinery,897.78,30,38,True,8,False,False
ORD-10297,2025-06-10,Supplier D (India),Air Freight,Electronics,6335.74,14,15,True,1,False,False
ORD-10298,2025-03-09,Supplier A (Germany),Air Freight,Heavy Machinery,3761.67,7,11,True,4,False,False
ORD-10299,2025-10-16,Supplier B (China),Ocean Cargo,Electronics,8692.43,45,48,True,3,False,False
ORD-10300,2025-10-04,Supplier E (Vietnam),Ocean Cargo,Industrial Components,7406.29,45,45,False,0,False,True
ORD-10301,2025-10-31,Supplier D (India),Air Freight,Electronics,2815.66,14,21,True,7,False,False
ORD-10302,2025-05-15,Supplier B (China),Air Freight,Raw Materials,3275.19,21,21,False,0,False,True
ORD-10303,2025-07-14,Supplier B (China),Air Freight,Electronics,779.32,14,15,True,1,False,False
ORD-10304,2025-05-08,Supplier D (India),Rail Freight,Heavy Machinery,8955.23,30,33,True,3,False,False
ORD-10305,2025-02-02,Supplier B (China),Air Freight,Heavy Machinery,5954.0,21,27,True,6,False,False
ORD-10306,2025-06-25,Supplier D (India),Air Freight,Heavy Machinery,15045.13,30,31,True,1,False,False
ORD-10307,2025-01-22,Supplier D (India),Ocean Cargo,Electronics,3570.57,45,51,True,6,False,False
ORD-10308,2025-08-26,Supplier A (Germany),Ocean Cargo,Heavy Machinery,10213.53,7,9,True,2,False,False
ORD-10309,2025-06-07,Supplier A (Germany),Rail Freight,Heavy Machinery,2088.2,30,31,True,1,False,False
ORD-10310,2025-02-07,Supplier C (USA),Air Freight,Raw Materials,564.63,45,50,True,5,False,False
ORD-10311,2025-08-18,Supplier A (Germany),Ocean Cargo,Electronics,4556.86,14,14,False,0,False,True
ORD-10312,2025-12-31,Supplier B (China),Ocean Cargo,Raw Materials,3123.33,30,28,False,0,False,True
ORD-10313,2025-02-20,Supplier E (Vietnam),Rail Freight,Heavy Machinery,2120.36,45,45,False,0,False,True
ORD-10314,2025-09-21,Supplier C (USA),Ocean Cargo,Heavy Machinery,10081.77,7,5,False,0,False,True
ORD-10315,2025-10-10,Supplier D (India),Express Courier,Heavy Machinery,12920.85,30,29,False,0,False,True
ORD-10316,2025-01-27,Supplier C (USA),Air Freight,Electronics,5347.25,45,44,False,0,False,True
ORD-10317,2025-08-14,Supplier C (USA),Ocean Cargo,Industrial Components,4247.07,30,29,False,0,False,True
ORD-10318,2025-10-04,Supplier A (Germany),Ocean Cargo,Heavy Machinery,5167.62,7,9,True,2,False,False
ORD-10319,2025-10-13,Supplier B (China),Express Courier,Heavy Machinery,2915.1,30,28,False,0,False,True
ORD-10320,2025-04-07,Supplier B (China),Air Freight,Heavy Machinery,7708.48,30,30,False,0,False,True
ORD-10321,2025-10-11,Supplier B (China),Air Freight,Heavy Machinery,1434.4,45,43,False,0,False,True
ORD-10322,2025-11-13,Supplier D (India),Ocean Cargo,Electronics,2082.94,21,21,False,0,False,True
ORD-10323,2025-10-31,Supplier B (China),Air Freight,Industrial Components,2609.7,30,29,False,0,False,True
ORD-10324,2025-05-27,Supplier B (China),Air Freight,Industrial Components,7578.6,21,21,False,0,False,True
ORD-10325,2025-01-04,Supplier B (China),Rail Freight,Industrial Components,3858.4,14,23,True,9,True,False
ORD-10326,2025-02-04,Supplier A (Germany),Ocean Cargo,Heavy Machinery,14593.22,30,33,True,3,False,False
ORD-10327,2025-07-11,Supplier B (China),Ocean Cargo,Heavy Machinery,9345.48,21,24,True,3,False,False
ORD-10328,2025-02-18,Supplier A (Germany),Express Courier,Industrial Components,2589.25,14,14,False,0,False,True
ORD-10329,2025-01-17,Supplier A (Germany),Ocean Cargo,Industrial Components,8158.15,45,45,False,0,False,True
ORD-10330,2025-06-21,Supplier A (Germany),Air Freight,Heavy Machinery,3545.5,30,29,False,0,False,True
ORD-10331,2025-08-08,Supplier B (China),Air Freight,Heavy Machinery,7176.34,45,57,True,12,False,False
ORD-10332,2025-06-07,Supplier D (India),Ocean Cargo,Raw Materials,9714.92,14,14,False,0,False,True
ORD-10333,2025-02-15,Supplier B (China),Ocean Cargo,Raw Materials,11989.32,45,46,True,1,False,False
ORD-10334,2025-01-06,Supplier B (China),Ocean Cargo,Raw Materials,5776.87,45,45,False,0,False,True
ORD-10335,2025-04-09,Supplier C (USA),Air Freight,Industrial Components,17678.4,7,6,False,0,False,True
ORD-10336,2025-08-21,Supplier A (Germany),Ocean Cargo,Electronics,6995.7,14,19,True,5,False,False
ORD-10337,2025-02-06,Supplier D (India),Rail Freight,Heavy Machinery,5475.52,45,46,True,1,False,False
ORD-10338,2025-10-07,Supplier B (China),Express Courier,Raw Materials,3858.33,21,21,False,0,False,True
ORD-10339,2025-12-15,Supplier B (China),Express Courier,Electronics,2965.95,14,24,True,10,False,False
ORD-10340,2025-10-29,Supplier C (USA),Express Courier,Heavy Machinery,6876.79,7,8,True,1,False,False
ORD-10341,2025-06-30,Supplier A (Germany),Ocean Cargo,Electronics,5327.33,30,30,False,0,False,True
ORD-10342,2025-04-05,Supplier C (USA),Express Courier,Industrial Components,6055.13,45,46,True,1,False,False
ORD-10343,2025-04-09,Supplier B (China),Air Freight,Industrial Components,7219.9,21,21,False,0,False,True
ORD-10344,2025-07-07,Supplier D (India),Ocean Cargo,Industrial Components,6034.7,7,9,True,2,False,False
ORD-10345,2025-04-26,Supplier A (Germany),Ocean Cargo,Raw Materials,24603.31,14,23,True,9,False,False
ORD-10346,2025-07-10,Supplier B (China),Air Freight,Heavy Machinery,3221.58,45,52,True,7,False,False
ORD-10347,2025-09-10,Supplier C (USA),Express Courier,Industrial Components,6945.4,7,9,True,2,False,False
ORD-10348,2025-06-10,Supplier A (Germany),Rail Freight,Raw Materials,4096.32,7,9,True,2,False,False
ORD-10349,2025-09-13,Supplier B (China),Air Freight,Raw Materials,685.96,21,24,True,3,False,False
ORD-10350,2025-11-19,Supplier D (India),Express Courier,Raw Materials,4210.02,30,31,True,1,False,False
ORD-10351,2025-05-08,Supplier D (India),Air Freight,Raw Materials,2323.44,30,30,False,0,False,True
ORD-10352,2025-01-18,Supplier B (China),Ocean Cargo,Industrial Components,4658.93,30,40,True,10,False,False
ORD-10353,2025-10-08,Supplier D (India),Ocean Cargo,Raw Materials,4812.05,14,15,True,1,False,False
ORD-10354,2025-08-11,Supplier E (Vietnam),Ocean Cargo,Industrial Components,6689.45,7,7,False,0,False,True
ORD-10355,2025-02-23,Supplier D (India),Rail Freight,Industrial Components,3215.88,14,16,True,2,False,False
ORD-10356,2025-02-27,Supplier A (Germany),Express Courier,Raw Materials,3554.34,7,7,False,0,False,True
ORD-10357,2025-11-19,Supplier D (India),Express Courier,Industrial Components,8608.93,21,21,False,0,False,True
ORD-10358,2025-12-26,Supplier B (China),Air Freight,Heavy Machinery,2572.81,21,21,False,0,False,True
ORD-10359,2025-06-23,Supplier E (Vietnam),Rail Freight,Heavy Machinery,1129.17,14,16,True,2,False,False
ORD-10360,2025-10-07,Supplier B (China),Air Freight,Electronics,5572.64,14,18,True,4,False,False
ORD-10361,2025-04-24,Supplier A (Germany),Express Courier,Heavy Machinery,11575.88,21,21,False,0,False,True
ORD-10362,2025-10-15,Supplier D (India),Ocean Cargo,Industrial Components,8530.0,45,44,False,0,False,True
ORD-10363,2025-12-08,Supplier B (China),Air Freight,Industrial Components,5655.52,30,33,True,3,False,False
ORD-10364,2025-05-31,Supplier E (Vietnam),Ocean Cargo,Heavy Machinery,13366.63,30,28,False,0,False,True
ORD-10365,2025-05-07,Supplier E (Vietnam),Air Freight,Raw Materials,11679.77,21,20,False,0,False,True
ORD-10366,2025-06-04,Supplier C (USA),Air Freight,Raw Materials,3771.65,30,31,True,1,False,False
ORD-10367,2025-09-30,Supplier A (Germany),Ocean Cargo,Industrial Components,5991.02,45,47,True,2,False,False
ORD-10368,2025-04-14,Supplier C (USA),Air Freight,Raw Materials,6200.39,45,50,True,5,False,False
ORD-10369,2025-10-26,Supplier A (Germany),Air Freight,Electronics,4585.25,7,7,False,0,True,False
ORD-10370,2025-09-03,Supplier A (Germany),Air Freight,Electronics,12178.14,14,13,False,0,False,True
ORD-10371,2025-06-25,Supplier D (India),Ocean Cargo,Heavy Machinery,4351.55,30,29,False,0,False,True
ORD-10372,2025-02-08,Supplier A (Germany),Air Freight,Heavy Machinery,3293.73,45,44,False,0,False,True
ORD-10373,2025-06-19,Supplier B (China),Ocean Cargo,Raw Materials,618.17,14,16,True,2,False,False
ORD-10374,2025-09-04,Supplier E (Vietnam),Air Freight,Industrial Components,2595.04,14,15,True,1,False,False
ORD-10375,2025-01-26,Supplier B (China),Rail Freight,Heavy Machinery,1715.85,7,5,False,0,False,True
ORD-10376,2025-12-21,Supplier B (China),Express Courier,Electronics,4758.48,14,17,True,3,False,False
ORD-10377,2025-11-02,Supplier E (Vietnam),Air Freight,Heavy Machinery,1802.71,14,16,True,2,False,False
ORD-10378,2025-01-13,Supplier A (Germany),Express Courier,Heavy Machinery,7998.01,21,23,True,2,False,False
ORD-10379,2025-11-12,Supplier D (India),Express Courier,Electronics,11929.27,7,9,True,2,False,False
ORD-10380,2025-11-09,Supplier E (Vietnam),Rail Freight,Industrial Components,4793.78,7,7,False,0,False,True
ORD-10381,2025-02-05,Supplier E (Vietnam),Ocean Cargo,Heavy Machinery,2236.76,30,38,True,8,False,False
ORD-10382,2025-06-22,Supplier C (USA),Air Freight,Heavy Machinery,6180.29,14,36,True,22,False,False
ORD-10383,2025-01-20,Supplier B (China),Ocean Cargo,Heavy Machinery,22354.44,30,31,True,1,False,False
ORD-10384,2025-11-17,Supplier B (China),Ocean Cargo,Raw Materials,17430.63,45,45,False,0,False,True
ORD-10385,2025-09-21,Supplier D (India),Ocean Cargo,Heavy Machinery,1595.81,14,15,True,1,False,False
ORD-10386,2025-05-22,Supplier D (India),Ocean Cargo,Electronics,1549.14,45,45,False,0,False,True
ORD-10387,2025-05-23,Supplier B (China),Express Courier,Industrial Components,1261.9,21,21,False,0,False,True
ORD-10388,2025-04-02,Supplier A (Germany),Rail Freight,Industrial Components,1979.14,14,21,True,7,False,False
ORD-10389,2025-12-20,Supplier A (Germany),Air Freight,Electronics,6010.56,30,35,True,5,False,False
ORD-10390,2025-11-18,Supplier A (Germany),Air Freight,Raw Materials,3148.38,30,32,True,2,False,False
ORD-10391,2025-10-15,Supplier D (India),Air Freight,Electronics,2512.58,14,17,True,3,False,False
ORD-10392,2025-08-03,Supplier B (China),Express Courier,Industrial Components,11285.66,30,28,False,0,False,True
ORD-10393,2025-12-08,Supplier E (Vietnam),Ocean Cargo,Electronics,7510.63,14,17,True,3,False,False
ORD-10394,2025-02-20,Supplier D (India),Ocean Cargo,Raw Materials,1256.69,7,6,False,0,False,True
ORD-10395,2025-06-02,Supplier A (Germany),Ocean Cargo,Industrial Components,10779.27,30,34,True,4,False,False
ORD-10396,2025-07-05,Supplier C (USA),Ocean Cargo,Raw Materials,7367.46,14,17,True,3,False,False
ORD-10397,2025-03-04,Supplier B (China),Ocean Cargo,Electronics,7499.64,14,18,True,4,False,False
ORD-10398,2025-07-09,Supplier C (USA),Ocean Cargo,Heavy Machinery,3113.87,30,29,False,0,False,True
ORD-10399,2025-05-05,Supplier D (India),Express Courier,Electronics,4230.84,7,11,True,4,False,False
ORD-10400,2025-05-30,Supplier D (India),Rail Freight,Raw Materials,1014.17,30,34,True,4,False,False
ORD-10401,2025-11-10,Supplier D (India),Rail Freight,Electronics,9833.88,14,17,True,3,False,False
ORD-10402,2025-02-27,Supplier B (China),Rail Freight,Heavy Machinery,2210.24,7,11,True,4,False,False
ORD-10403,2025-12-08,Supplier A (Germany),Ocean Cargo,Raw Materials,2449.15,45,47,True,2,False,False
ORD-10404,2025-11-01,Supplier D (India),Ocean Cargo,Electronics,2422.82,21,22,True,1,False,False
ORD-10405,2025-06-29,Supplier A (Germany),Express Courier,Raw Materials,20750.4,30,30,False,0,True,False
ORD-10406,2025-06-19,Supplier B (China),Rail Freight,Raw Materials,2878.53,14,12,False,0,False,True
ORD-10407,2025-11-22,Supplier A (Germany),Air Freight,Industrial Components,10444.26,7,10,True,3,False,False
ORD-10408,2025-09-28,Supplier C (USA),Ocean Cargo,Industrial Components,4821.34,7,20,True,13,False,False
ORD-10409,2025-02-23,Supplier A (Germany),Air Freight,Raw Materials,2531.87,45,45,False,0,False,True
ORD-10410,2025-04-11,Supplier C (USA),Ocean Cargo,Electronics,2190.05,30,30,False,0,False,True
ORD-10411,2025-09-21,Supplier E (Vietnam),Ocean Cargo,Electronics,2971.78,7,5,False,0,False,True
ORD-10412,2025-02-22,Supplier A (Germany),Ocean Cargo,Electronics,4630.55,45,43,False,0,False,True
ORD-10413,2025-03-01,Supplier A (Germany),Air Freight,Heavy Machinery,7953.68,14,19,True,5,False,False
ORD-10414,2025-04-18,Supplier B (China),Ocean Cargo,Raw Materials,3371.82,45,46,True,1,False,False
ORD-10415,2025-01-05,Supplier D (India),Express Courier,Raw Materials,3272.37,30,33,True,3,False,False
ORD-10416,2025-04-13,Supplier A (Germany),Air Freight,Heavy Machinery,2428.61,45,49,True,4,False,False
ORD-10417,2025-07-15,Supplier B (China),Ocean Cargo,Raw Materials,1890.82,7,9,True,2,False,False
ORD-10418,2025-09-19,Supplier A (Germany),Ocean Cargo,Raw Materials,1768.43,7,14,True,7,False,False
ORD-10419,2025-12-31,Supplier D (India),Express Courier,Heavy Machinery,10833.77,21,23,True,2,False,False
ORD-10420,2025-12-16,Supplier B (China),Air Freight,Industrial Components,3219.33,45,46,True,1,False,False
ORD-10421,2025-02-16,Supplier D (India),Rail Freight,Raw Materials,3455.7,14,22,True,8,False,False
ORD-10422,2025-12-21,Supplier E (Vietnam),Ocean Cargo,Heavy Machinery,2883.36,30,37,True,7,False,False
ORD-10423,2025-11-07,Supplier A (Germany),Rail Freight,Electronics,3814.31,21,21,False,0,False,True
ORD-10424,2025-11-04,Supplier D (India),Rail Freight,Industrial Components,6613.44,45,45,False,0,False,True
ORD-10425,2025-05-24,Supplier A (Germany),Air Freight,Electronics,3329.23,14,14,False,0,False,True
ORD-10426,2025-09-26,Supplier D (India),Air Freight,Raw Materials,5679.35,21,22,True,1,False,False
ORD-10427,2025-05-04,Supplier C (USA),Air Freight,Industrial Components,15284.08,7,20,True,13,True,False
ORD-10428,2025-04-16,Supplier D (India),Ocean Cargo,Heavy Machinery,2551.07,30,28,False,0,False,True
ORD-10429,2025-06-07,Supplier A (Germany),Air Freight,Raw Materials,3457.93,45,47,True,2,False,False
ORD-10430,2025-05-27,Supplier A (Germany),Air Freight,Heavy Machinery,8207.87,14,22,True,8,False,False
ORD-10431,2025-05-25,Supplier B (China),Ocean Cargo,Industrial Components,16282.35,7,9,True,2,False,False
ORD-10432,2025-04-30,Supplier B (China),Air Freight,Electronics,1819.2,21,20,False,0,False,True
ORD-10433,2025-11-15,Supplier A (Germany),Air Freight,Raw Materials,1260.62,30,40,True,10,False,False
ORD-10434,2025-10-02,Supplier B (China),Ocean Cargo,Raw Materials,4912.39,21,28,True,7,False,False
ORD-10435,2025-04-02,Supplier A (Germany),Air Freight,Heavy Machinery,4522.85,21,27,True,6,False,False
ORD-10436,2025-02-27,Supplier B (China),Ocean Cargo,Industrial Components,8605.32,14,14,False,0,False,True
ORD-10437,2025-12-12,Supplier D (India),Ocean Cargo,Heavy Machinery,7616.32,7,6,False,0,False,True
ORD-10438,2025-08-17,Supplier B (China),Ocean Cargo,Industrial Components,4783.03,45,46,True,1,False,False
ORD-10439,2025-04-27,Supplier A (Germany),Express Courier,Raw Materials,11377.26,14,13,False,0,False,True
ORD-10440,2025-11-14,Supplier B (China),Ocean Cargo,Industrial Components,2850.32,30,44,True,14,False,False
ORD-10441,2025-10-06,Supplier A (Germany),Ocean Cargo,Raw Materials,5821.22,21,22,True,1,False,False
ORD-10442,2025-05-07,Supplier E (Vietnam),Ocean Cargo,Industrial Components,1858.33,30,36,True,6,False,False
ORD-10443,2025-05-09,Supplier A (Germany),Express Courier,Electronics,4751.89,14,16,True,2,False,False
ORD-10444,2025-02-27,Supplier D (India),Express Courier,Industrial Components,1527.05,14,13,False,0,False,True
ORD-10445,2025-05-02,Supplier E (Vietnam),Express Courier,Electronics,2012.89,45,50,True,5,False,False
ORD-10446,2025-01-01,Supplier D (India),Ocean Cargo,Industrial Components,19294.23,21,22,True,1,False,False
ORD-10447,2025-08-27,Supplier C (USA),Air Freight,Industrial Components,1141.81,14,17,True,3,False,False
ORD-10448,2025-10-17,Supplier D (India),Air Freight,Heavy Machinery,4132.67,30,30,False,0,False,True
ORD-10449,2025-04-06,Supplier E (Vietnam),Air Freight,Heavy Machinery,9525.92,45,55,True,10,False,False
ORD-10450,2025-05-06,Supplier C (USA),Rail Freight,Raw Materials,29059.03,30,28,False,0,False,True
ORD-10451,2025-04-28,Supplier C (USA),Ocean Cargo,Heavy Machinery,5662.72,21,22,True,1,False,False
ORD-10452,2025-02-17,Supplier C (USA),Express Courier,Industrial Components,5927.61,45,45,False,0,False,True
ORD-10453,2025-03-30,Supplier B (China),Ocean Cargo,Heavy Machinery,5073.31,45,55,True,10,False,False
ORD-10454,2025-08-25,Supplier C (USA),Express Courier,Industrial Components,11450.49,45,49,True,4,False,False
ORD-10455,2025-09-29,Supplier B (China),Air Freight,Electronics,6942.12,7,6,False,0,False,True
ORD-10456,2025-07-08,Supplier A (Germany),Air Freight,Industrial Components,3102.4,45,47,True,2,False,False
ORD-10457,2025-07-11,Supplier A (Germany),Ocean Cargo,Raw Materials,11996.97,30,32,True,2,False,False
ORD-10458,2025-03-10,Supplier A (Germany),Ocean Cargo,Electronics,3395.64,30,30,False,0,True,False
ORD-10459,2025-10-05,Supplier B (China),Ocean Cargo,Raw Materials,1368.13,21,24,True,3,False,False
ORD-10460,2025-12-15,Supplier A (Germany),Express Courier,Raw Materials,1371.61,14,12,False,0,False,True
ORD-10461,2025-09-04,Supplier C (USA),Air Freight,Raw Materials,4184.51,14,27,True,13,False,False
ORD-10462,2025-03-17,Supplier B (China),Ocean Cargo,Heavy Machinery,5337.08,7,6,False,0,False,True
ORD-10463,2025-06-03,Supplier D (India),Ocean Cargo,Raw Materials,10556.57,45,47,True,2,False,False
ORD-10464,2025-05-24,Supplier A (Germany),Air Freight,Electronics,8206.26,7,5,False,0,False,True
ORD-10465,2025-03-27,Supplier A (Germany),Express Courier,Industrial Components,5238.97,21,26,True,5,False,False
ORD-10466,2025-07-04,Supplier D (India),Express Courier,Raw Materials,11039.21,21,21,False,0,False,True
ORD-10467,2025-10-12,Supplier C (USA),Express Courier,Electronics,4965.11,14,12,False,0,False,True
ORD-10468,2025-08-08,Supplier A (Germany),Express Courier,Raw Materials,1750.42,21,22,True,1,False,False
ORD-10469,2025-03-10,Supplier D (India),Express Courier,Industrial Components,1470.32,45,45,False,0,False,True
ORD-10470,2025-02-16,Supplier D (India),Air Freight,Electronics,13669.88,30,35,True,5,False,False
ORD-10471,2025-04-04,Supplier B (China),Express Courier,Electronics,815.51,21,22,True,1,False,False
ORD-10472,2025-08-26,Supplier B (China),Ocean Cargo,Industrial Components,4185.61,7,7,False,0,False,True
ORD-10473,2025-07-23,Supplier E (Vietnam),Air Freight,Electronics,53392.99,45,47,True,2,False,False
ORD-10474,2025-08-06,Supplier C (USA),Air Freight,Industrial Components,7096.71,21,26,True,5,False,False
ORD-10475,2025-12-07,Supplier B (China),Express Courier,Electronics,4159.56,21,20,False,0,False,True
ORD-10476,2025-02-08,Supplier D (India),Express Courier,Electronics,1277.21,45,46,True,1,False,False
ORD-10477,2025-04-10,Supplier B (China),Air Freight,Industrial Components,17924.01,21,19,False,0,False,True
ORD-10478,2025-10-16,Supplier B (China),Express Courier,Industrial Components,12978.67,30,41,True,11,False,False
ORD-10479,2025-09-11,Supplier B (China),Rail Freight,Electronics,8500.14,14,14,False,0,False,True
ORD-10480,2025-08-10,Supplier D (India),Air Freight,Electronics,4912.57,45,51,True,6,False,False
ORD-10481,2025-12-23,Supplier C (USA),Air Freight,Industrial Components,7766.77,7,6,False,0,True,False
ORD-10482,2025-01-23,Supplier C (USA),Express Courier,Heavy Machinery,4363.82,21,22,True,1,False,False
ORD-10483,2025-09-07,Supplier B (China),Air Freight,Industrial Components,2256.1,14,12,False,0,False,True
ORD-10484,2025-01-10,Supplier A (Germany),Ocean Cargo,Electronics,10562.53,7,6,False,0,True,False
ORD-10485,2025-09-03,Supplier B (China),Air Freight,Electronics,4719.57,7,18,True,11,False,False
ORD-10486,2025-11-21,Supplier D (India),Ocean Cargo,Electronics,7461.82,30,30,False,0,False,True
ORD-10487,2025-04-10,Supplier B (China),Express Courier,Industrial Components,4460.88,14,19,True,5,False,False
ORD-10488,2025-10-17,Supplier A (Germany),Ocean Cargo,Electronics,7111.41,45,46,True,1,False,False
ORD-10489,2025-06-29,Supplier D (India),Express Courier,Heavy Machinery,4858.12,14,14,False,0,False,True
ORD-10490,2025-08-11,Supplier A (Germany),Express Courier,Raw Materials,4564.02,14,20,True,6,False,False
ORD-10491,2025-09-07,Supplier E (Vietnam),Express Courier,Heavy Machinery,5034.11,7,8,True,1,False,False
ORD-10492,2025-05-27,Supplier A (Germany),Ocean Cargo,Industrial Components,52506.68,30,37,True,7,False,False
ORD-10493,2025-04-06,Supplier C (USA),Air Freight,Electronics,9338.73,30,31,True,1,False,False
ORD-10494,2025-09-14,Supplier A (Germany),Ocean Cargo,Industrial Components,38903.77,14,14,False,0,False,True
ORD-10495,2025-11-21,Supplier E (Vietnam),Air Freight,Raw Materials,4883.01,14,14,False,0,False,True
ORD-10496,2025-01-04,Supplier B (China),Express Courier,Industrial Components,3838.18,21,19,False,0,False,True
ORD-10497,2025-01-16,Supplier A (Germany),Ocean Cargo,Electronics,2081.08,7,7,False,0,False,True
ORD-10498,2025-10-07,Supplier B (China),Ocean Cargo,Raw Materials,17722.41,45,46,True,1,False,False
ORD-10499,2025-12-02,Supplier A (Germany),Air Freight,Raw Materials,2382.37,45,62,True,17,False,False
ORD-10500,2025-09-04,Supplier A (Germany),Express Courier,Electronics,20903.01,30,34,True,4,False,False
ORD-10501,2025-09-15,Supplier E (Vietnam),Express Courier,Electronics,2179.93,7,12,True,5,False,False
ORD-10502,2025-06-09,Supplier B (China),Ocean Cargo,Electronics,9989.88,30,28,False,0,False,True
ORD-10503,2025-12-06,Supplier D (India),Express Courier,Industrial Components,1376.36,45,44,False,0,False,True
ORD-10504,2025-06-01,Supplier C (USA),Air Freight,Heavy Machinery,3451.06,14,15,True,1,False,False
ORD-10505,2025-06-27,Supplier C (USA),Ocean Cargo,Industrial Components,5002.36,7,5,False,0,False,True
ORD-10506,2025-06-12,Supplier A (Germany),Express Courier,Industrial Components,3047.29,7,7,False,0,False,True
ORD-10507,2025-02-02,Supplier A (Germany),Ocean Cargo,Heavy Machinery,4292.13,21,19,False,0,False,True
ORD-10508,2025-06-28,Supplier D (India),Rail Freight,Electronics,4308.58,14,17,True,3,False,False
ORD-10509,2025-04-11,Supplier E (Vietnam),Air Freight,Electronics,9372.61,14,15,True,1,False,False
ORD-10510,2025-09-25,Supplier B (China),Air Freight,Heavy Machinery,925.74,30,28,False,0,False,True
ORD-10511,2025-11-19,Supplier B (China),Rail Freight,Heavy Machinery,3132.74,7,5,False,0,False,True
ORD-10512,2025-03-06,Supplier B (China),Air Freight,Industrial Components,13409.37,30,32,True,2,False,False
ORD-10513,2025-06-17,Supplier E (Vietnam),Rail Freight,Raw Materials,7707.77,14,14,False,0,False,True
ORD-10514,2025-11-26,Supplier B (China),Rail Freight,Heavy Machinery,13589.18,21,23,True,2,False,False
ORD-10515,2025-02-12,Supplier B (China),Air Freight,Industrial Components,9018.48,7,7,False,0,False,True
ORD-10516,2025-02-13,Supplier D (India),Ocean Cargo,Raw Materials,2065.62,14,27,True,13,False,False
ORD-10517,2025-10-12,Supplier A (Germany),Air Freight,Electronics,8339.16,21,19,False,0,False,True
ORD-10518,2025-01-12,Supplier A (Germany),Ocean Cargo,Electronics,5324.93,45,47,True,2,False,False
ORD-10519,2025-04-05,Supplier C (USA),Air Freight,Industrial Components,30165.35,14,14,False,0,True,False
ORD-10520,2025-10-29,Supplier E (Vietnam),Air Freight,Industrial Components,9336.92,45,48,True,3,False,False
ORD-10521,2025-09-10,Supplier A (Germany),Ocean Cargo,Heavy Machinery,7470.33,30,35,True,5,False,False
ORD-10522,2025-08-30,Supplier B (China),Ocean Cargo,Electronics,8396.24,45,43,False,0,False,True
ORD-10523,2025-02-04,Supplier B (China),Rail Freight,Industrial Components,7151.49,14,17,True,3,False,False
ORD-10524,2025-08-03,Supplier B (China),Express Courier,Electronics,6998.43,45,51,True,6,False,False
ORD-10525,2025-12-03,Supplier C (USA),Express Courier,Electronics,3971.76,7,12,True,5,False,False
ORD-10526,2025-03-31,Supplier B (China),Ocean Cargo,Heavy Machinery,7543.02,14,20,True,6,False,False
ORD-10527,2025-09-21,Supplier B (China),Express Courier,Raw Materials,10496.25,21,28,True,7,False,False
ORD-10528,2025-04-03,Supplier B (China),Ocean Cargo,Heavy Machinery,11478.86,45,45,False,0,False,True
ORD-10529,2025-03-31,Supplier C (USA),Express Courier,Industrial Components,10418.03,7,7,False,0,False,True
ORD-10530,2025-04-25,Supplier B (China),Rail Freight,Heavy Machinery,16423.21,30,33,True,3,False,False
ORD-10531,2025-04-15,Supplier D (India),Ocean Cargo,Heavy Machinery,12068.01,30,28,False,0,False,True
ORD-10532,2025-07-15,Supplier A (Germany),Ocean Cargo,Electronics,8125.92,45,49,True,4,False,False
ORD-10533,2025-11-10,Supplier D (India),Express Courier,Heavy Machinery,1968.59,30,28,False,0,False,True
ORD-10534,2025-04-24,Supplier D (India),Rail Freight,Industrial Components,1969.21,21,21,False,0,False,True
ORD-10535,2025-03-16,Supplier B (China),Express Courier,Raw Materials,4029.88,14,16,True,2,False,False
ORD-10536,2025-08-05,Supplier B (China),Air Freight,Heavy Machinery,5102.08,7,8,True,1,False,False
ORD-10537,2025-10-04,Supplier B (China),Ocean Cargo,Heavy Machinery,15038.99,45,43,False,0,False,True
ORD-10538,2025-09-06,Supplier A (Germany),Air Freight,Raw Materials,531.78,30,31,True,1,False,False
ORD-10539,2025-06-13,Supplier B (China),Express Courier,Industrial Components,2150.46,14,18,True,4,False,False
ORD-10540,2025-12-23,Supplier A (Germany),Air Freight,Industrial Components,4207.5,21,21,False,0,False,True
ORD-10541,2025-07-11,Supplier B (China),Express Courier,Heavy Machinery,2213.91,30,30,False,0,False,True
ORD-10542,2025-08-15,Supplier D (India),Air Freight,Electronics,2595.45,30,29,False,0,False,True
ORD-10543,2025-06-26,Supplier B (China),Air Freight,Heavy Machinery,3296.68,7,7,False,0,False,True
ORD-10544,2025-04-09,Supplier D (India),Ocean Cargo,Raw Materials,2306.16,21,20,False,0,False,True
ORD-10545,2025-02-05,Supplier B (China),Express Courier,Raw Materials,2649.33,21,24,True,3,False,False
ORD-10546,2025-04-06,Supplier D (India),Air Freight,Raw Materials,14626.44,45,50,True,5,False,False
ORD-10547,2025-06-01,Supplier C (USA),Ocean Cargo,Heavy Machinery,8034.14,7,5,False,0,False,True
ORD-10548,2025-05-31,Supplier A (Germany),Ocean Cargo,Heavy Machinery,9055.75,45,43,False,0,False,True
ORD-10549,2025-07-09,Supplier C (USA),Air Freight,Industrial Components,4782.42,7,6,False,0,False,True
ORD-10550,2025-08-12,Supplier A (Germany),Air Freight,Electronics,11035.63,21,24,True,3,False,False
ORD-10551,2025-02-06,Supplier B (China),Express Courier,Heavy Machinery,9684.08,7,15,True,8,False,False
ORD-10552,2025-09-25,Supplier E (Vietnam),Ocean Cargo,Industrial Components,7933.35,7,13,True,6,False,False
ORD-10553,2025-07-02,Supplier A (Germany),Air Freight,Heavy Machinery,2912.21,7,15,True,8,False,False
ORD-10554,2025-01-13,Supplier B (China),Express Courier,Industrial Components,3450.83,14,14,False,0,False,True
ORD-10555,2025-10-06,Supplier D (India),Rail Freight,Industrial Components,11458.69,14,26,True,12,False,False
ORD-10556,2025-08-05,Supplier D (India),Ocean Cargo,Electronics,3250.66,21,19,False,0,False,True
ORD-10557,2025-12-21,Supplier C (USA),Ocean Cargo,Heavy Machinery,1753.17,7,13,True,6,False,False
ORD-10558,2025-12-27,Supplier B (China),Express Courier,Industrial Components,3200.89,21,21,False,0,False,True
ORD-10559,2025-10-13,Supplier C (USA),Rail Freight,Raw Materials,17111.82,14,12,False,0,False,True
ORD-10560,2025-09-30,Supplier B (China),Express Courier,Raw Materials,3203.41,7,7,False,0,False,True
ORD-10561,2025-03-03,Supplier D (India),Ocean Cargo,Raw Materials,6387.66,45,46,True,1,False,False
ORD-10562,2025-03-25,Supplier E (Vietnam),Ocean Cargo,Electronics,3003.25,14,14,False,0,False,True
ORD-10563,2025-08-05,Supplier D (India),Express Courier,Industrial Components,9051.99,14,20,True,6,False,False
ORD-10564,2025-12-08,Supplier D (India),Air Freight,Electronics,7551.03,14,14,False,0,False,True
ORD-10565,2025-07-06,Supplier A (Germany),Ocean Cargo,Heavy Machinery,1490.78,7,5,False,0,False,True
ORD-10566,2025-01-19,Supplier D (India),Express Courier,Heavy Machinery,6090.14,30,29,False,0,False,True
ORD-10567,2025-06-26,Supplier D (India),Ocean Cargo,Industrial Components,1279.12,45,43,False,0,False,True
ORD-10568,2025-04-10,Supplier A (Germany),Ocean Cargo,Raw Materials,3155.01,45,46,True,1,False,False
ORD-10569,2025-08-21,Supplier D (India),Ocean Cargo,Industrial Components,4870.02,21,22,True,1,False,False
ORD-10570,2025-03-17,Supplier B (China),Air Freight,Industrial Components,21536.25,7,9,True,2,False,False
ORD-10571,2025-09-22,Supplier C (USA),Ocean Cargo,Industrial Components,6338.07,14,12,False,0,False,True
ORD-10572,2025-10-11,Supplier D (India),Express Courier,Electronics,2660.66,30,30,False,0,False,True
ORD-10573,2025-07-25,Supplier C (USA),Air Freight,Heavy Machinery,3813.23,7,8,True,1,False,False
ORD-10574,2025-08-11,Supplier A (Germany),Air Freight,Industrial Components,10294.42,7,8,True,1,False,False
ORD-10575,2025-02-21,Supplier C (USA),Rail Freight,Industrial Components,2689.7,30,43,True,13,False,False
ORD-10576,2025-12-05,Supplier B (China),Air Freight,Industrial Components,11820.41,14,16,True,2,False,False
ORD-10577,2025-05-24,Supplier E (Vietnam),Air Freight,Electronics,3234.27,7,10,True,3,False,False
ORD-10578,2025-03-10,Supplier B (China),Rail Freight,Electronics,2363.14,45,43,False,0,False,True
ORD-10579,2025-04-09,Supplier B (China),Express Courier,Electronics,3318.27,45,44,False,0,False,True
ORD-10580,2025-01-25,Supplier D (India),Ocean Cargo,Industrial Components,1348.8,30,30,False,0,False,True
ORD-10581,2025-02-22,Supplier B (China),Express Courier,Raw Materials,864.32,14,14,False,0,False,True
ORD-10582,2025-05-31,Supplier C (USA),Air Freight,Raw Materials,4600.74,30,32,True,2,False,False
ORD-10583,2025-05-24,Supplier C (USA),Express Courier,Raw Materials,4657.16,7,6,False,0,False,True
ORD-10584,2025-02-26,Supplier D (India),Ocean Cargo,Heavy Machinery,6034.02,45,46,True,1,False,False
ORD-10585,2025-02-08,Supplier C (USA),Express Courier,Industrial Components,4582.59,21,25,True,4,False,False
ORD-10586,2025-04-19,Supplier B (China),Ocean Cargo,Raw Materials,31678.79,30,47,True,17,False,False
ORD-10587,2025-06-30,Supplier A (Germany),Ocean Cargo,Raw Materials,5623.6,21,23,True,2,True,False
ORD-10588,2025-02-11,Supplier A (Germany),Ocean Cargo,Raw Materials,1634.07,21,24,True,3,False,False
ORD-10589,2025-07-05,Supplier A (Germany),Ocean Cargo,Industrial Components,2006.34,45,44,False,0,False,True
ORD-10590,2025-08-11,Supplier A (Germany),Express Courier,Raw Materials,4915.97,30,29,False,0,False,True
ORD-10591,2025-05-02,Supplier C (USA),Ocean Cargo,Raw Materials,3469.13,21,23,True,2,False,False
ORD-10592,2025-05-13,Supplier D (India),Ocean Cargo,Industrial Components,1839.44,7,12,True,5,False,False
ORD-10593,2025-06-12,Supplier B (China),Ocean Cargo,Heavy Machinery,4688.75,14,12,False,0,False,True
ORD-10594,2025-08-03,Supplier D (India),Ocean Cargo,Electronics,4743.93,14,17,True,3,False,False
ORD-10595,2025-08-09,Supplier E (Vietnam),Express Courier,Raw Materials,17615.86,45,46,True,1,False,False
ORD-10596,2025-08-23,Supplier D (India),Express Courier,Electronics,2361.68,30,31,True,1,False,False
ORD-10597,2025-11-27,Supplier C (USA),Ocean Cargo,Heavy Machinery,3518.6,30,30,False,0,False,True
ORD-10598,2025-05-26,Supplier B (China),Rail Freight,Heavy Machinery,17572.55,14,14,False,0,False,True
ORD-10599,2025-08-27,Supplier B (China),Express Courier,Raw Materials,6392.42,7,11,True,4,False,False
ORD-10600,2025-03-17,Supplier A (Germany),Ocean Cargo,Industrial Components,2350.62,14,14,False,0,False,True
ORD-10601,2025-01-09,Supplier B (China),Ocean Cargo,Heavy Machinery,2774.47,14,17,True,3,False,False
ORD-10602,2025-03-15,Supplier E (Vietnam),Rail Freight,Electronics,1860.63,30,28,False,0,False,True
ORD-10603,2025-09-10,Supplier D (India),Ocean Cargo,Electronics,5228.18,21,21,False,0,False,True
ORD-10604,2025-08-18,Supplier A (Germany),Express Courier,Electronics,11214.11,7,10,True,3,False,False
ORD-10605,2025-01-07,Supplier B (China),Ocean Cargo,Electronics,18119.08,30,28,False,0,False,True
ORD-10606,2025-06-23,Supplier D (India),Ocean Cargo,Heavy Machinery,1496.64,14,14,False,0,False,True
ORD-10607,2025-05-21,Supplier A (Germany),Air Freight,Raw Materials,9850.66,21,22,True,1,False,False
ORD-10608,2025-06-17,Supplier B (China),Ocean Cargo,Raw Materials,5605.2,7,14,True,7,False,False
ORD-10609,2025-06-19,Supplier D (India),Rail Freight,Electronics,3985.65,45,45,False,0,False,True
ORD-10610,2025-10-10,Supplier B (China),Ocean Cargo,Raw Materials,3519.69,7,14,True,7,False,False
ORD-10611,2025-05-02,Supplier A (Germany),Ocean Cargo,Electronics,1057.07,7,5,False,0,False,True
ORD-10612,2025-07-13,Supplier B (China),Rail Freight,Electronics,8187.79,14,16,True,2,False,False
ORD-10613,2025-01-05,Supplier D (India),Ocean Cargo,Industrial Components,1711.14,14,15,True,1,False,False
ORD-10614,2025-01-29,Supplier C (USA),Ocean Cargo,Heavy Machinery,2701.18,45,43,False,0,False,True
ORD-10615,2025-06-14,Supplier A (Germany),Express Courier,Heavy Machinery,6866.35,45,46,True,1,False,False
ORD-10616,2025-12-05,Supplier B (China),Express Courier,Electronics,1149.05,45,53,True,8,False,False
ORD-10617,2025-05-16,Supplier B (China),Air Freight,Heavy Machinery,1708.49,30,29,False,0,False,True
ORD-10618,2025-12-31,Supplier C (USA),Ocean Cargo,Raw Materials,13028.96,30,34,True,4,False,False
ORD-10619,2025-11-17,Supplier D (India),Ocean Cargo,Electronics,5418.89,14,20,True,6,False,False
ORD-10620,2025-12-08,Supplier A (Germany),Ocean Cargo,Industrial Components,2893.55,14,12,False,0,False,True
ORD-10621,2025-05-25,Supplier D (India),Ocean Cargo,Raw Materials,5435.99,45,48,True,3,False,False
ORD-10622,2025-11-23,Supplier A (Germany),Ocean Cargo,Industrial Components,8396.59,30,30,False,0,False,True
ORD-10623,2025-08-05,Supplier B (China),Air Freight,Industrial Components,12086.14,21,26,True,5,False,False
ORD-10624,2025-10-28,Supplier A (Germany),Ocean Cargo,Heavy Machinery,2018.38,30,31,True,1,False,False
ORD-10625,2025-05-12,Supplier B (China),Air Freight,Heavy Machinery,2164.9,14,18,True,4,False,False
ORD-10626,2025-10-19,Supplier B (China),Ocean Cargo,Electronics,7995.82,30,37,True,7,False,False
ORD-10627,2025-03-11,Supplier B (China),Express Courier,Heavy Machinery,8203.61,14,13,False,0,False,True
ORD-10628,2025-09-09,Supplier A (Germany),Express Courier,Industrial Components,1677.11,45,43,False,0,True,False
ORD-10629,2025-10-02,Supplier C (USA),Ocean Cargo,Industrial Components,2230.88,45,44,False,0,False,True
ORD-10630,2025-12-30,Supplier A (Germany),Air Freight,Raw Materials,4209.09,45,46,True,1,False,False
ORD-10631,2025-07-01,Supplier D (India),Air Freight,Industrial Components,5008.35,21,25,True,4,False,False
ORD-10632,2025-06-16,Supplier E (Vietnam),Ocean Cargo,Electronics,5123.25,21,32,True,11,False,False
ORD-10633,2025-04-01,Supplier B (China),Air Freight,Electronics,1656.63,14,12,False,0,True,False
ORD-10634,2025-07-21,Supplier B (China),Ocean Cargo,Heavy Machinery,5082.01,7,9,True,2,False,False
ORD-10635,2025-12-12,Supplier B (China),Air Freight,Heavy Machinery,2768.62,21,25,True,4,False,False
ORD-10636,2025-01-19,Supplier A (Germany),Express Courier,Heavy Machinery,1933.23,14,14,False,0,False,True
ORD-10637,2025-02-08,Supplier B (China),Ocean Cargo,Electronics,4871.72,30,31,True,1,True,False
ORD-10638,2025-05-06,Supplier D (India),Air Freight,Industrial Components,4489.99,45,44,False,0,False,True
ORD-10639,2025-06-22,Supplier C (USA),Express Courier,Heavy Machinery,9333.4,45,43,False,0,False,True
ORD-10640,2025-05-21,Supplier A (Germany),Ocean Cargo,Raw Materials,2468.15,45,45,False,0,False,True
ORD-10641,2025-08-30,Supplier D (India),Air Freight,Heavy Machinery,5932.12,14,12,False,0,False,True
ORD-10642,2025-08-08,Supplier B (China),Ocean Cargo,Electronics,1401.17,45,44,False,0,False,True
ORD-10643,2025-05-06,Supplier D (India),Ocean Cargo,Heavy Machinery,3944.65,21,19,False,0,False,True
ORD-10644,2025-02-27,Supplier C (USA),Express Courier,Industrial Components,7121.99,30,28,False,0,False,True
ORD-10645,2025-05-28,Supplier C (USA),Air Freight,Heavy Machinery,7619.13,45,46,True,1,False,False
ORD-10646,2025-11-13,Supplier A (Germany),Ocean Cargo,Electronics,7660.76,14,14,False,0,False,True
ORD-10647,2025-12-27,Supplier A (Germany),Air Freight,Electronics,9353.45,30,33,True,3,False,False
ORD-10648,2025-01-01,Supplier E (Vietnam),Air Freight,Raw Materials,3440.49,45,49,True,4,False,False
ORD-10649,2025-12-14,Supplier A (Germany),Express Courier,Electronics,7306.94,7,10,True,3,False,False
ORD-10650,2025-07-09,Supplier E (Vietnam),Express Courier,Raw Materials,21916.52,45,45,False,0,False,True
ORD-10651,2025-07-10,Supplier B (China),Ocean Cargo,Industrial Components,3382.24,21,19,False,0,False,True
ORD-10652,2025-11-08,Supplier A (Germany),Ocean Cargo,Electronics,14826.31,30,30,False,0,False,True
ORD-10653,2025-04-27,Supplier A (Germany),Air Freight,Heavy Machinery,9908.8,21,22,True,1,False,False
ORD-10654,2025-05-14,Supplier A (Germany),Express Courier,Industrial Components,3971.67,7,13,True,6,False,False
ORD-10655,2025-02-27,Supplier E (Vietnam),Air Freight,Heavy Machinery,4245.86,7,10,True,3,False,False
ORD-10656,2025-02-13,Supplier B (China),Air Freight,Heavy Machinery,5403.07,21,27,True,6,False,False
ORD-10657,2025-06-22,Supplier B (China),Ocean Cargo,Heavy Machinery,9472.35,30,33,True,3,False,False
ORD-10658,2025-06-09,Supplier B (China),Ocean Cargo,Industrial Components,6782.55,7,9,True,2,False,False
ORD-10659,2025-06-22,Supplier A (Germany),Ocean Cargo,Industrial Components,3361.03,7,7,False,0,False,True
ORD-10660,2025-11-13,Supplier B (China),Air Freight,Electronics,929.23,45,43,False,0,False,True
ORD-10661,2025-10-30,Supplier A (Germany),Ocean Cargo,Heavy Machinery,8414.73,14,21,True,7,False,False
ORD-10662,2025-05-29,Supplier D (India),Ocean Cargo,Raw Materials,1047.33,7,8,True,1,True,False
ORD-10663,2025-03-21,Supplier B (China),Air Freight,Electronics,1647.83,30,28,False,0,False,True
ORD-10664,2025-08-01,Supplier B (China),Express Courier,Industrial Components,3561.79,30,31,True,1,False,False
ORD-10665,2025-07-22,Supplier B (China),Air Freight,Raw Materials,1860.75,45,48,True,3,False,False
ORD-10666,2025-09-09,Supplier B (China),Ocean Cargo,Industrial Components,6336.13,30,38,True,8,False,False
ORD-10667,2025-08-17,Supplier E (Vietnam),Ocean Cargo,Raw Materials,3877.9,45,47,True,2,False,False
ORD-10668,2025-06-13,Supplier B (China),Air Freight,Electronics,9211.29,7,12,True,5,False,False
ORD-10669,2025-08-15,Supplier A (Germany),Ocean Cargo,Raw Materials,1358.08,7,13,True,6,False,False
ORD-10670,2025-05-27,Supplier C (USA),Express Courier,Electronics,2894.25,7,12,True,5,False,False
ORD-10671,2025-01-20,Supplier A (Germany),Air Freight,Industrial Components,4931.31,7,16,True,9,False,False
ORD-10672,2025-02-16,Supplier A (Germany),Rail Freight,Raw Materials,5085.67,14,14,False,0,False,True
ORD-10673,2025-08-21,Supplier E (Vietnam),Ocean Cargo,Heavy Machinery,8563.2,14,15,True,1,False,False
ORD-10674,2025-11-01,Supplier D (India),Air Freight,Heavy Machinery,2364.52,7,7,False,0,False,True
ORD-10675,2025-01-14,Supplier E (Vietnam),Ocean Cargo,Industrial Components,3379.87,30,28,False,0,False,True
ORD-10676,2025-05-23,Supplier B (China),Ocean Cargo,Raw Materials,7375.21,45,46,True,1,False,False
ORD-10677,2025-01-01,Supplier B (China),Express Courier,Heavy Machinery,846.53,21,24,True,3,False,False
ORD-10678,2025-02-23,Supplier A (Germany),Express Courier,Electronics,6687.18,45,46,True,1,False,False
ORD-10679,2025-09-16,Supplier A (Germany),Express Courier,Raw Materials,9055.78,21,21,False,0,False,True
ORD-10680,2025-05-24,Supplier D (India),Rail Freight,Raw Materials,1690.99,21,21,False,0,False,True
ORD-10681,2025-01-12,Supplier B (China),Express Courier,Heavy Machinery,3819.91,7,13,True,6,False,False
ORD-10682,2025-11-26,Supplier D (India),Ocean Cargo,Electronics,16222.07,21,24,True,3,False,False
ORD-10683,2025-08-12,Supplier D (India),Ocean Cargo,Electronics,8332.03,7,6,False,0,False,True
ORD-10684,2025-09-29,Supplier A (Germany),Ocean Cargo,Electronics,7027.44,14,22,True,8,False,False
ORD-10685,2025-12-24,Supplier B (China),Air Freight,Raw Materials,10859.19,30,30,False,0,False,True
ORD-10686,2025-06-05,Supplier C (USA),Express Courier,Industrial Components,20819.31,21,20,False,0,False,True
ORD-10687,2025-01-08,Supplier A (Germany),Ocean Cargo,Raw Materials,4988.18,30,28,False,0,False,True
ORD-10688,2025-05-02,Supplier D (India),Air Freight,Raw Materials,3548.39,7,8,True,1,False,False
ORD-10689,2025-12-14,Supplier B (China),Air Freight,Heavy Machinery,10838.18,21,25,True,4,False,False
ORD-10690,2025-06-13,Supplier A (Germany),Ocean Cargo,Industrial Components,4230.34,45,50,True,5,False,False
ORD-10691,2025-03-31,Supplier C (USA),Ocean Cargo,Electronics,2339.25,14,16,True,2,False,False
ORD-10692,2025-05-16,Supplier E (Vietnam),Ocean Cargo,Heavy Machinery,3190.54,14,21,True,7,False,False
ORD-10693,2025-07-05,Supplier A (Germany),Ocean Cargo,Raw Materials,6309.83,21,22,True,1,False,False
ORD-10694,2025-11-12,Supplier D (India),Ocean Cargo,Industrial Components,3430.03,14,12,False,0,False,True
ORD-10695,2025-06-27,Supplier A (Germany),Ocean Cargo,Electronics,3641.02,45,44,False,0,False,True
ORD-10696,2025-01-28,Supplier D (India),Air Freight,Electronics,2160.61,30,31,True,1,True,False
ORD-10697,2025-08-08,Supplier D (India),Air Freight,Raw Materials,15495.32,45,45,False,0,False,True
ORD-10698,2025-12-23,Supplier B (China),Ocean Cargo,Electronics,3736.48,14,23,True,9,False,False
ORD-10699,2025-02-10,Supplier B (China),Ocean Cargo,Electronics,2781.63,30,30,False,0,False,True
ORD-10700,2025-08-16,Supplier D (India),Air Freight,Industrial Components,3028.74,45,47,True,2,False,False
ORD-10701,2025-07-11,Supplier B (China),Ocean Cargo,Heavy Machinery,9339.62,7,10,True,3,False,False
ORD-10702,2025-05-25,Supplier D (India),Air Freight,Industrial Components,7774.15,7,15,True,8,False,False
ORD-10703,2025-07-20,Supplier A (Germany),Ocean Cargo,Heavy Machinery,3289.58,30,51,True,21,False,False
ORD-10704,2025-07-31,Supplier D (India),Ocean Cargo,Heavy Machinery,5043.47,30,30,False,0,False,True
ORD-10705,2025-08-08,Supplier D (India),Ocean Cargo,Heavy Machinery,6132.54,30,28,False,0,False,True
ORD-10706,2025-08-28,Supplier E (Vietnam),Express Courier,Electronics,2798.21,7,12,True,5,False,False
ORD-10707,2025-02-15,Supplier A (Germany),Air Freight,Industrial Components,1432.97,45,43,False,0,False,True
ORD-10708,2025-02-04,Supplier C (USA),Rail Freight,Electronics,7420.71,30,34,True,4,False,False
ORD-10709,2025-09-10,Supplier C (USA),Ocean Cargo,Raw Materials,2924.89,7,7,False,0,False,True
ORD-10710,2025-03-23,Supplier B (China),Ocean Cargo,Industrial Components,6990.3,30,32,True,2,False,False
ORD-10711,2025-09-13,Supplier B (China),Ocean Cargo,Heavy Machinery,6353.88,30,30,False,0,False,True
ORD-10712,2025-07-16,Supplier A (Germany),Ocean Cargo,Electronics,5139.1,30,32,True,2,False,False
ORD-10713,2025-10-30,Supplier D (India),Ocean Cargo,Electronics,3495.03,7,7,False,0,False,True
ORD-10714,2025-01-10,Supplier B (China),Ocean Cargo,Industrial Components,2959.74,45,48,True,3,False,False
ORD-10715,2025-11-08,Supplier A (Germany),Air Freight,Industrial Components,1976.86,7,6,False,0,True,False
ORD-10716,2025-10-13,Supplier C (USA),Air Freight,Heavy Machinery,3005.51,7,7,False,0,False,True
ORD-10717,2025-08-30,Supplier B (China),Ocean Cargo,Heavy Machinery,7746.93,30,30,False,0,False,True
ORD-10718,2025-09-08,Supplier A (Germany),Ocean Cargo,Raw Materials,15036.87,21,20,False,0,False,True
ORD-10719,2025-12-31,Supplier E (Vietnam),Ocean Cargo,Heavy Machinery,13371.48,21,33,True,12,False,False
ORD-10720,2025-01-05,Supplier E (Vietnam),Air Freight,Electronics,5521.13,21,19,False,0,False,True
ORD-10721,2025-04-29,Supplier B (China),Express Courier,Raw Materials,15030.48,7,12,True,5,False,False
ORD-10722,2025-10-16,Supplier A (Germany),Express Courier,Raw Materials,3845.07,30,30,False,0,False,True
ORD-10723,2025-03-06,Supplier D (India),Rail Freight,Raw Materials,1749.64,21,20,False,0,False,True
ORD-10724,2025-05-26,Supplier B (China),Ocean Cargo,Industrial Components,22849.84,14,17,True,3,False,False
ORD-10725,2025-08-12,Supplier B (China),Express Courier,Heavy Machinery,7526.96,14,14,False,0,False,True
ORD-10726,2025-08-27,Supplier B (China),Express Courier,Raw Materials,1439.85,14,22,True,8,False,False
ORD-10727,2025-06-26,Supplier B (China),Ocean Cargo,Industrial Components,17106.93,45,50,True,5,False,False
ORD-10728,2025-09-24,Supplier C (USA),Ocean Cargo,Industrial Components,2711.51,30,30,False,0,False,True
ORD-10729,2025-12-07,Supplier B (China),Rail Freight,Raw Materials,3226.95,7,6,False,0,False,True
ORD-10730,2025-10-09,Supplier C (USA),Ocean Cargo,Raw Materials,11126.74,7,6,False,0,False,True
ORD-10731,2025-03-04,Supplier E (Vietnam),Ocean Cargo,Electronics,14608.6,30,30,False,0,False,True
ORD-10732,2025-08-05,Supplier B (China),Air Freight,Raw Materials,2207.04,45,46,True,1,False,False
ORD-10733,2025-12-08,Supplier D (India),Air Freight,Electronics,15943.28,30,30,False,0,False,True
ORD-10734,2025-11-11,Supplier D (India),Express Courier,Raw Materials,9891.09,45,51,True,6,False,False
ORD-10735,2025-10-10,Supplier B (China),Ocean Cargo,Raw Materials,2592.04,21,20,False,0,False,True
ORD-10736,2025-06-26,Supplier B (China),Ocean Cargo,Heavy Machinery,4037.07,21,22,True,1,False,False
ORD-10737,2025-04-08,Supplier C (USA),Air Freight,Raw Materials,16529.61,45,56,True,11,False,False
ORD-10738,2025-04-15,Supplier C (USA),Ocean Cargo,Raw Materials,1410.29,30,32,True,2,True,False
ORD-10739,2025-04-09,Supplier D (India),Ocean Cargo,Electronics,14832.43,21,21,False,0,False,True
ORD-10740,2025-11-07,Supplier B (China),Air Freight,Electronics,9673.31,30,31,True,1,False,False
ORD-10741,2025-01-06,Supplier E (Vietnam),Express Courier,Heavy Machinery,7385.79,21,21,False,0,False,True
ORD-10742,2025-07-16,Supplier A (Germany),Air Freight,Raw Materials,5460.83,30,29,False,0,False,True
ORD-10743,2025-12-17,Supplier A (Germany),Ocean Cargo,Raw Materials,23768.36,30,28,False,0,False,True
ORD-10744,2025-05-13,Supplier C (USA),Ocean Cargo,Electronics,26751.31,14,14,False,0,False,True
ORD-10745,2025-12-24,Supplier B (China),Air Freight,Industrial Components,3004.35,45,46,True,1,False,False
ORD-10746,2025-09-16,Supplier A (Germany),Express Courier,Industrial Components,8020.56,7,6,False,0,False,True
ORD-10747,2025-01-23,Supplier B (China),Express Courier,Industrial Components,22015.48,45,44,False,0,False,True
ORD-10748,2025-02-22,Supplier B (China),Express Courier,Electronics,2622.71,30,32,True,2,False,False
ORD-10749,2025-06-14,Supplier A (Germany),Air Freight,Electronics,5970.06,30,30,False,0,False,True
ORD-10750,2025-07-21,Supplier E (Vietnam),Air Freight,Industrial Components,10971.98,45,45,False,0,False,True
ORD-10751,2025-03-24,Supplier A (Germany),Air Freight,Industrial Components,980.52,30,30,False,0,False,True
ORD-10752,2025-05-25,Supplier D (India),Ocean Cargo,Raw Materials,9536.14,21,26,True,5,False,False
ORD-10753,2025-03-26,Supplier D (India),Express Courier,Electronics,2057.52,30,28,False,0,False,True
ORD-10754,2025-03-19,Supplier E (Vietnam),Express Courier,Electronics,5732.26,45,45,False,0,False,True
ORD-10755,2025-01-01,Supplier A (Germany),Express Courier,Industrial Components,12276.91,45,49,True,4,False,False
ORD-10756,2025-02-20,Supplier D (India),Rail Freight,Industrial Components,726.8,45,47,True,2,False,False
ORD-10757,2025-06-22,Supplier B (China),Express Courier,Heavy Machinery,9215.91,14,13,False,0,False,True
ORD-10758,2025-07-24,Supplier C (USA),Ocean Cargo,Electronics,25101.01,14,23,True,9,False,False
ORD-10759,2025-09-17,Supplier C (USA),Air Freight,Heavy Machinery,3207.86,14,16,True,2,False,False
ORD-10760,2025-10-15,Supplier D (India),Ocean Cargo,Raw Materials,7795.89,14,17,True,3,False,False
ORD-10761,2025-02-03,Supplier B (China),Air Freight,Heavy Machinery,14303.06,14,13,False,0,False,True
ORD-10762,2025-12-14,Supplier D (India),Air Freight,Industrial Components,1374.22,14,14,False,0,False,True
ORD-10763,2025-04-05,Supplier B (China),Ocean Cargo,Electronics,9008.25,14,20,True,6,False,False
ORD-10764,2025-03-13,Supplier D (India),Express Courier,Electronics,11147.97,45,53,True,8,False,False
ORD-10765,2025-02-08,Supplier E (Vietnam),Air Freight,Heavy Machinery,8191.86,7,8,True,1,False,False
ORD-10766,2025-06-03,Supplier A (Germany),Express Courier,Heavy Machinery,5267.43,14,19,True,5,False,False
ORD-10767,2025-09-07,Supplier E (Vietnam),Express Courier,Raw Materials,2207.62,45,46,True,1,False,False
ORD-10768,2025-06-11,Supplier A (Germany),Ocean Cargo,Raw Materials,14960.05,7,8,True,1,False,False
ORD-10769,2025-04-28,Supplier A (Germany),Air Freight,Industrial Components,5052.32,14,24,True,10,True,False
ORD-10770,2025-09-16,Supplier A (Germany),Air Freight,Industrial Components,2384.86,7,7,False,0,False,True
ORD-10771,2025-11-02,Supplier B (China),Express Courier,Industrial Components,3810.74,7,19,True,12,False,False
ORD-10772,2025-09-25,Supplier C (USA),Express Courier,Heavy Machinery,6599.23,21,21,False,0,False,True
ORD-10773,2025-02-23,Supplier A (Germany),Express Courier,Heavy Machinery,1409.59,30,28,False,0,False,True
ORD-10774,2025-08-24,Supplier A (Germany),Ocean Cargo,Electronics,4985.78,21,22,True,1,False,False
ORD-10775,2025-08-10,Supplier E (Vietnam),Air Freight,Industrial Components,3520.99,7,9,True,2,False,False
ORD-10776,2025-09-08,Supplier D (India),Air Freight,Heavy Machinery,14311.54,45,46,True,1,False,False
ORD-10777,2025-11-09,Supplier D (India),Express Courier,Electronics,1096.73,14,17,True,3,False,False
ORD-10778,2025-04-22,Supplier D (India),Air Freight,Industrial Components,10415.04,30,31,True,1,False,False
ORD-10779,2025-09-12,Supplier D (India),Ocean Cargo,Raw Materials,15270.47,14,18,True,4,False,False
ORD-10780,2025-10-30,Supplier A (Germany),Ocean Cargo,Raw Materials,1130.4,45,45,False,0,False,True
ORD-10781,2025-07-26,Supplier B (China),Air Freight,Heavy Machinery,1244.21,30,28,False,0,False,True
ORD-10782,2025-08-17,Supplier D (India),Air Freight,Electronics,20511.07,21,21,False,0,False,True
ORD-10783,2025-12-07,Supplier B (China),Ocean Cargo,Raw Materials,2383.92,7,9,True,2,False,False
ORD-10784,2025-03-07,Supplier C (USA),Air Freight,Electronics,58446.28,45,51,True,6,False,False
ORD-10785,2025-03-16,Supplier A (Germany),Air Freight,Electronics,1159.02,7,7,False,0,False,True
ORD-10786,2025-04-13,Supplier B (China),Express Courier,Raw Materials,5630.98,7,7,False,0,False,True
ORD-10787,2025-07-11,Supplier B (China),Express Courier,Electronics,4823.64,14,17,True,3,False,False
ORD-10788,2025-09-09,Supplier C (USA),Air Freight,Raw Materials,4160.72,45,50,True,5,False,False
ORD-10789,2025-08-14,Supplier C (USA),Express Courier,Heavy Machinery,7117.91,7,8,True,1,False,False
ORD-10790,2025-10-21,Supplier C (USA),Ocean Cargo,Industrial Components,7454.08,21,23,True,2,False,False
ORD-10791,2025-11-02,Supplier A (Germany),Ocean Cargo,Industrial Components,4297.86,30,33,True,3,False,False
ORD-10792,2025-04-08,Supplier A (Germany),Express Courier,Heavy Machinery,2183.45,45,46,True,1,False,False
ORD-10793,2025-12-04,Supplier D (India),Express Courier,Raw Materials,11364.03,14,14,False,0,False,True
ORD-10794,2025-10-13,Supplier C (USA),Express Courier,Raw Materials,8122.9,45,46,True,1,False,False
ORD-10795,2025-12-01,Supplier A (Germany),Air Freight,Raw Materials,5386.59,14,17,True,3,False,False
ORD-10796,2025-12-13,Supplier D (India),Air Freight,Raw Materials,7919.58,30,30,False,0,False,True
ORD-10797,2025-11-04,Supplier A (Germany),Express Courier,Heavy Machinery,9092.03,21,22,True,1,False,False
ORD-10798,2025-09-06,Supplier B (China),Ocean Cargo,Industrial Components,2672.09,7,8,True,1,False,False
ORD-10799,2025-06-15,Supplier A (Germany),Air Freight,Electronics,7696.68,45,45,False,0,False,True
ORD-10800,2025-12-01,Supplier D (India),Express Courier,Electronics,3157.61,14,14,False,0,False,True
ORD-10801,2025-01-30,Supplier C (USA),Express Courier,Industrial Components,9335.94,30,38,True,8,False,False
ORD-10802,2025-09-04,Supplier A (Germany),Express Courier,Heavy Machinery,4213.63,7,5,False,0,False,True
ORD-10803,2025-04-16,Supplier D (India),Ocean Cargo,Electronics,8017.45,30,28,False,0,False,True
ORD-10804,2025-02-20,Supplier B (China),Express Courier,Industrial Components,3473.66,21,23,True,2,False,False
ORD-10805,2025-03-22,Supplier B (China),Air Freight,Heavy Machinery,8357.9,7,5,False,0,False,True
ORD-10806,2025-05-13,Supplier A (Germany),Air Freight,Electronics,2246.18,7,10,True,3,False,False
ORD-10807,2025-10-12,Supplier B (China),Ocean Cargo,Raw Materials,5059.06,7,8,True,1,False,False
ORD-10808,2025-05-18,Supplier A (Germany),Air Freight,Raw Materials,10769.85,14,12,False,0,False,True
ORD-10809,2025-07-03,Supplier C (USA),Ocean Cargo,Heavy Machinery,7142.11,7,9,True,2,False,False
ORD-10810,2025-11-26,Supplier D (India),Ocean Cargo,Raw Materials,5730.87,30,36,True,6,False,False
ORD-10811,2025-09-30,Supplier B (China),Ocean Cargo,Heavy Machinery,20802.93,14,16,True,2,False,False
ORD-10812,2025-12-06,Supplier A (Germany),Air Freight,Industrial Components,11146.82,7,22,True,15,False,False
ORD-10813,2025-03-10,Supplier A (Germany),Air Freight,Industrial Components,9744.24,30,28,False,0,False,True
ORD-10814,2025-02-03,Supplier A (Germany),Ocean Cargo,Electronics,8320.04,30,42,True,12,True,False
ORD-10815,2025-09-19,Supplier B (China),Ocean Cargo,Heavy Machinery,9192.63,45,48,True,3,False,False
ORD-10816,2025-02-22,Supplier D (India),Express Courier,Electronics,18502.88,30,32,True,2,False,False
ORD-10817,2025-07-24,Supplier A (Germany),Express Courier,Electronics,3518.76,21,26,True,5,False,False
ORD-10818,2025-05-06,Supplier D (India),Ocean Cargo,Industrial Components,11020.62,7,14,True,7,False,False
ORD-10819,2025-08-23,Supplier D (India),Express Courier,Electronics,6536.72,7,19,True,12,False,False
ORD-10820,2025-02-12,Supplier B (China),Air Freight,Raw Materials,3617.38,7,8,True,1,False,False
ORD-10821,2025-08-28,Supplier D (India),Air Freight,Electronics,4537.9,30,36,True,6,False,False
ORD-10822,2025-04-21,Supplier C (USA),Express Courier,Heavy Machinery,5856.6,30,29,False,0,False,True
ORD-10823,2025-09-06,Supplier C (USA),Ocean Cargo,Raw Materials,2470.18,7,5,False,0,False,True
ORD-10824,2025-05-31,Supplier B (China),Rail Freight,Industrial Components,9810.52,14,14,False,0,False,True
ORD-10825,2025-07-02,Supplier B (China),Ocean Cargo,Heavy Machinery,4526.57,14,15,True,1,False,False
ORD-10826,2025-12-02,Supplier A (Germany),Express Courier,Raw Materials,5260.3,21,30,True,9,False,False
ORD-10827,2025-04-05,Supplier B (China),Ocean Cargo,Heavy Machinery,14556.05,45,44,False,0,True,False
ORD-10828,2025-01-08,Supplier B (China),Ocean Cargo,Raw Materials,5452.33,21,25,True,4,False,False
ORD-10829,2025-12-26,Supplier C (USA),Ocean Cargo,Heavy Machinery,17019.84,7,10,True,3,False,False
ORD-10830,2025-07-03,Supplier A (Germany),Express Courier,Heavy Machinery,3229.71,7,7,False,0,False,True
ORD-10831,2025-10-08,Supplier E (Vietnam),Ocean Cargo,Raw Materials,2043.35,7,6,False,0,False,True
ORD-10832,2025-07-14,Supplier D (India),Rail Freight,Industrial Components,3897.17,45,48,True,3,False,False
ORD-10833,2025-12-18,Supplier B (China),Air Freight,Industrial Components,517.1,30,31,True,1,False,False
ORD-10834,2025-07-14,Supplier A (Germany),Air Freight,Heavy Machinery,10143.71,45,51,True,6,False,False
ORD-10835,2025-06-04,Supplier D (India),Ocean Cargo,Heavy Machinery,2140.69,21,34,True,13,False,False
ORD-10836,2025-04-03,Supplier D (India),Ocean Cargo,Industrial Components,2998.43,30,31,True,1,False,False
ORD-10837,2025-06-09,Supplier D (India),Express Courier,Industrial Components,8716.93,30,31,True,1,False,False
ORD-10838,2025-03-02,Supplier B (China),Ocean Cargo,Electronics,5406.17,21,23,True,2,False,False
ORD-10839,2025-05-02,Supplier B (China),Ocean Cargo,Industrial Components,3454.95,30,29,False,0,False,True
ORD-10840,2025-02-20,Supplier A (Germany),Ocean Cargo,Heavy Machinery,963.69,14,12,False,0,False,True
ORD-10841,2025-10-04,Supplier A (Germany),Ocean Cargo,Raw Materials,13913.94,21,20,False,0,False,True
ORD-10842,2025-01-05,Supplier D (India),Express Courier,Industrial Components,8764.49,21,24,True,3,False,False
ORD-10843,2025-04-02,Supplier D (India),Air Freight,Electronics,25452.7,14,25,True,11,False,False
ORD-10844,2025-06-19,Supplier C (USA),Ocean Cargo,Electronics,3050.0,45,47,True,2,False,False
ORD-10845,2025-11-13,Supplier D (India),Rail Freight,Electronics,1535.24,45,47,True,2,False,False
ORD-10846,2025-01-22,Supplier C (USA),Express Courier,Raw Materials,10892.22,45,57,True,12,False,False
ORD-10847,2025-11-22,Supplier B (China),Ocean Cargo,Industrial Components,4228.29,30,34,True,4,False,False
ORD-10848,2025-01-01,Supplier B (China),Ocean Cargo,Industrial Components,8123.66,14,12,False,0,False,True
ORD-10849,2025-05-13,Supplier E (Vietnam),Air Freight,Industrial Components,17960.54,21,21,False,0,False,True
ORD-10850,2025-08-21,Supplier A (Germany),Ocean Cargo,Raw Materials,6704.42,21,34,True,13,False,False
ORD-10851,2025-01-12,Supplier E (Vietnam),Express Courier,Raw Materials,5618.61,21,25,True,4,False,False
ORD-10852,2025-12-12,Supplier D (India),Ocean Cargo,Heavy Machinery,5907.64,30,38,True,8,False,False
ORD-10853,2025-02-15,Supplier A (Germany),Air Freight,Electronics,1326.37,30,34,True,4,False,False
ORD-10854,2025-02-03,Supplier C (USA),Air Freight,Electronics,11925.46,45,50,True,5,False,False
ORD-10855,2025-03-19,Supplier D (India),Air Freight,Industrial Components,12552.42,30,31,True,1,False,False
ORD-10856,2025-08-06,Supplier C (USA),Air Freight,Raw Materials,7513.5,45,46,True,1,False,False
ORD-10857,2025-10-28,Supplier E (Vietnam),Air Freight,Raw Materials,1462.17,45,44,False,0,False,True
ORD-10858,2025-03-14,Supplier E (Vietnam),Ocean Cargo,Industrial Components,4460.79,21,22,True,1,False,False
ORD-10859,2025-10-09,Supplier B (China),Air Freight,Industrial Components,15534.53,30,33,True,3,False,False
ORD-10860,2025-09-06,Supplier B (China),Air Freight,Heavy Machinery,3125.65,45,46,True,1,False,False
ORD-10861,2025-02-16,Supplier E (Vietnam),Ocean Cargo,Electronics,12675.2,14,13,False,0,False,True
ORD-10862,2025-05-01,Supplier C (USA),Air Freight,Electronics,5136.24,14,14,False,0,False,True
ORD-10863,2025-08-02,Supplier A (Germany),Air Freight,Electronics,8690.65,30,30,False,0,False,True
ORD-10864,2025-08-27,Supplier A (Germany),Ocean Cargo,Heavy Machinery,3534.36,21,24,True,3,False,False
ORD-10865,2025-02-25,Supplier C (USA),Air Freight,Industrial Components,5257.99,21,21,False,0,False,True
ORD-10866,2025-12-16,Supplier E (Vietnam),Ocean Cargo,Industrial Components,6970.01,45,45,False,0,False,True
ORD-10867,2025-04-17,Supplier D (India),Air Freight,Electronics,2066.09,30,31,True,1,False,False
ORD-10868,2025-11-15,Supplier C (USA),Express Courier,Electronics,6118.86,14,13,False,0,False,True
ORD-10869,2025-02-17,Supplier A (Germany),Rail Freight,Heavy Machinery,572.02,45,43,False,0,False,True
ORD-10870,2025-03-02,Supplier B (China),Express Courier,Raw Materials,3037.53,45,45,False,0,False,True
ORD-10871,2025-12-03,Supplier D (India),Ocean Cargo,Raw Materials,7593.94,7,6,False,0,False,True
ORD-10872,2025-01-26,Supplier A (Germany),Express Courier,Electronics,12042.66,30,30,False,0,False,True
ORD-10873,2025-10-19,Supplier B (China),Ocean Cargo,Heavy Machinery,7173.88,45,49,True,4,False,False
ORD-10874,2025-09-14,Supplier A (Germany),Air Freight,Electronics,1616.06,14,16,True,2,False,False
ORD-10875,2025-01-08,Supplier C (USA),Ocean Cargo,Raw Materials,11229.35,7,11,True,4,False,False
ORD-10876,2025-04-23,Supplier E (Vietnam),Express Courier,Electronics,1975.7,14,16,True,2,False,False
ORD-10877,2025-12-21,Supplier B (China),Ocean Cargo,Raw Materials,8033.37,21,25,True,4,False,False
ORD-10878,2025-09-10,Supplier B (China),Air Freight,Raw Materials,2029.07,7,12,True,5,False,False
ORD-10879,2025-06-29,Supplier C (USA),Express Courier,Raw Materials,2647.67,7,11,True,4,False,False
ORD-10880,2025-07-26,Supplier E (Vietnam),Express Courier,Industrial Components,2286.83,45,45,False,0,False,True
ORD-10881,2025-10-30,Supplier A (Germany),Air Freight,Industrial Components,5492.65,21,25,True,4,False,False
ORD-10882,2025-05-07,Supplier B (China),Ocean Cargo,Electronics,4203.08,45,43,False,0,False,True
ORD-10883,2025-02-25,Supplier B (China),Air Freight,Raw Materials,7384.42,30,30,False,0,False,True
ORD-10884,2025-08-02,Supplier D (India),Express Courier,Industrial Components,4842.04,14,16,True,2,False,False
ORD-10885,2025-01-14,Supplier B (China),Air Freight,Electronics,1459.28,14,16,True,2,False,False
ORD-10886,2025-01-28,Supplier A (Germany),Ocean Cargo,Electronics,6128.16,45,44,False,0,False,True
ORD-10887,2025-03-19,Supplier C (USA),Express Courier,Electronics,1200.23,14,18,True,4,False,False
ORD-10888,2025-08-04,Supplier D (India),Ocean Cargo,Electronics,2423.38,14,15,True,1,False,False
ORD-10889,2025-12-31,Supplier A (Germany),Ocean Cargo,Electronics,3673.39,30,31,True,1,False,False
ORD-10890,2025-06-03,Supplier D (India),Ocean Cargo,Heavy Machinery,3475.3,21,20,False,0,False,True
ORD-10891,2025-01-14,Supplier A (Germany),Air Freight,Raw Materials,1315.63,7,5,False,0,False,True
ORD-10892,2025-07-06,Supplier C (USA),Ocean Cargo,Electronics,14719.49,45,48,True,3,True,False
ORD-10893,2025-11-08,Supplier B (China),Air Freight,Heavy Machinery,18368.68,45,47,True,2,False,False
ORD-10894,2025-01-07,Supplier D (India),Ocean Cargo,Raw Materials,29751.06,30,28,False,0,False,True
ORD-10895,2025-01-03,Supplier B (China),Air Freight,Industrial Components,12309.43,30,33,True,3,False,False
ORD-10896,2025-04-21,Supplier D (India),Ocean Cargo,Electronics,3581.88,7,9,True,2,False,False
ORD-10897,2025-08-26,Supplier D (India),Rail Freight,Heavy Machinery,3532.84,21,24,True,3,False,False
ORD-10898,2025-12-29,Supplier C (USA),Rail Freight,Industrial Components,3380.18,45,49,True,4,False,False
ORD-10899,2025-08-27,Supplier D (India),Ocean Cargo,Heavy Machinery,24064.91,30,34,True,4,False,False
ORD-10900,2025-10-01,Supplier D (India),Air Freight,Raw Materials,4480.84,45,46,True,1,False,False
ORD-10901,2025-10-21,Supplier A (Germany),Ocean Cargo,Raw Materials,13566.87,14,14,False,0,False,True
ORD-10902,2025-08-15,Supplier B (China),Express Courier,Industrial Components,12748.23,45,44,False,0,True,False
ORD-10903,2025-01-15,Supplier E (Vietnam),Air Freight,Heavy Machinery,5719.51,21,21,False,0,False,True
ORD-10904,2025-07-11,Supplier A (Germany),Rail Freight,Electronics,1538.69,21,19,False,0,False,True
ORD-10905,2025-04-29,Supplier D (India),Ocean Cargo,Electronics,4559.03,45,47,True,2,False,False
ORD-10906,2025-01-28,Supplier E (Vietnam),Rail Freight,Industrial Components,5527.95,14,15,True,1,False,False
ORD-10907,2025-07-21,Supplier A (Germany),Express Courier,Industrial Components,13661.5,21,26,True,5,False,False
ORD-10908,2025-02-08,Supplier C (USA),Express Courier,Industrial Components,4991.87,30,36,True,6,False,False
ORD-10909,2025-09-30,Supplier B (China),Ocean Cargo,Heavy Machinery,1868.92,45,52,True,7,False,False
ORD-10910,2025-08-19,Supplier C (USA),Air Freight,Electronics,10832.74,14,12,False,0,False,True
ORD-10911,2025-03-27,Supplier A (Germany),Ocean Cargo,Electronics,4096.82,30,30,False,0,False,True
ORD-10912,2025-05-06,Supplier A (Germany),Ocean Cargo,Electronics,641.49,45,44,False,0,False,True
ORD-10913,2025-10-27,Supplier C (USA),Air Freight,Industrial Components,6374.03,14,14,False,0,False,True
ORD-10914,2025-01-25,Supplier D (India),Ocean Cargo,Electronics,7336.5,30,30,False,0,False,True
ORD-10915,2025-05-25,Supplier D (India),Ocean Cargo,Raw Materials,2504.01,21,25,True,4,False,False
ORD-10916,2025-01-13,Supplier B (China),Ocean Cargo,Industrial Components,4214.83,45,45,False,0,False,True
ORD-10917,2025-07-31,Supplier A (Germany),Ocean Cargo,Electronics,8317.97,45,45,False,0,False,True
ORD-10918,2025-01-25,Supplier C (USA),Air Freight,Heavy Machinery,6408.8,21,19,False,0,False,True
ORD-10919,2025-03-09,Supplier A (Germany),Rail Freight,Industrial Components,1407.93,7,8,True,1,False,False
ORD-10920,2025-03-08,Supplier E (Vietnam),Air Freight,Raw Materials,13397.72,30,37,True,7,False,False
ORD-10921,2025-08-21,Supplier D (India),Ocean Cargo,Raw Materials,19246.11,21,22,True,1,False,False
ORD-10922,2025-04-19,Supplier D (India),Ocean Cargo,Heavy Machinery,3267.74,45,45,False,0,False,True
ORD-10923,2025-05-26,Supplier E (Vietnam),Express Courier,Heavy Machinery,1066.46,30,35,True,5,False,False
ORD-10924,2025-04-21,Supplier A (Germany),Air Freight,Industrial Components,9107.83,30,29,False,0,False,True
ORD-10925,2025-08-16,Supplier D (India),Ocean Cargo,Industrial Components,2868.45,7,11,True,4,False,False
ORD-10926,2025-04-21,Supplier B (China),Ocean Cargo,Raw Materials,7542.88,45,51,True,6,False,False
ORD-10927,2025-02-03,Supplier E (Vietnam),Air Freight,Heavy Machinery,28616.43,14,23,True,9,False,False
ORD-10928,2025-04-21,Supplier B (China),Ocean Cargo,Industrial Components,1426.46,7,14,True,7,False,False
ORD-10929,2025-09-21,Supplier D (India),Rail Freight,Raw Materials,2598.54,7,8,True,1,False,False
ORD-10930,2025-08-24,Supplier D (India),Rail Freight,Heavy Machinery,4206.63,14,12,False,0,True,False
ORD-10931,2025-03-24,Supplier A (Germany),Air Freight,Raw Materials,13812.69,14,14,False,0,False,True
ORD-10932,2025-02-11,Supplier B (China),Air Freight,Electronics,84498.89,7,8,True,1,False,False
ORD-10933,2025-04-11,Supplier D (India),Ocean Cargo,Heavy Machinery,5988.93,30,30,False,0,False,True
ORD-10934,2025-01-06,Supplier B (China),Ocean Cargo,Industrial Components,1331.71,21,22,True,1,False,False
ORD-10935,2025-06-29,Supplier B (China),Air Freight,Industrial Components,3727.83,21,20,False,0,False,True
ORD-10936,2025-10-09,Supplier A (Germany),Air Freight,Electronics,2644.16,7,8,True,1,False,False
ORD-10937,2025-11-16,Supplier A (Germany),Rail Freight,Heavy Machinery,8754.02,30,30,False,0,False,True
ORD-10938,2025-08-14,Supplier D (India),Rail Freight,Raw Materials,6644.25,14,13,False,0,False,True
ORD-10939,2025-11-11,Supplier C (USA),Air Freight,Industrial Components,2135.7,7,5,False,0,False,True
ORD-10940,2025-12-31,Supplier A (Germany),Ocean Cargo,Electronics,2523.02,45,57,True,12,False,False
ORD-10941,2025-08-17,Supplier B (China),Ocean Cargo,Electronics,3684.74,30,31,True,1,False,False
ORD-10942,2025-10-16,Supplier B (China),Air Freight,Heavy Machinery,4058.28,45,48,True,3,False,False
ORD-10943,2025-05-30,Supplier A (Germany),Ocean Cargo,Heavy Machinery,4751.66,45,47,True,2,False,False
ORD-10944,2025-10-04,Supplier B (China),Ocean Cargo,Industrial Components,5110.74,7,6,False,0,False,True
ORD-10945,2025-07-17,Supplier B (China),Express Courier,Electronics,13198.79,30,32,True,2,False,False
ORD-10946,2025-03-11,Supplier B (China),Express Courier,Raw Materials,3579.69,45,44,False,0,False,True
ORD-10947,2025-04-22,Supplier D (India),Ocean Cargo,Electronics,3181.62,30,30,False,0,False,True
ORD-10948,2025-01-04,Supplier A (Germany),Ocean Cargo,Raw Materials,1684.09,21,21,False,0,False,True
ORD-10949,2025-12-16,Supplier C (USA),Air Freight,Raw Materials,4108.91,45,46,True,1,False,False
ORD-10950,2025-11-27,Supplier C (USA),Ocean Cargo,Industrial Components,6032.74,45,50,True,5,False,False
ORD-10951,2025-11-14,Supplier C (USA),Ocean Cargo,Electronics,1237.34,30,35,True,5,False,False
ORD-10952,2025-12-16,Supplier C (USA),Air Freight,Raw Materials,3737.07,21,19,False,0,False,True
ORD-10953,2025-04-05,Supplier B (China),Air Freight,Heavy Machinery,12434.56,45,47,True,2,False,False
ORD-10954,2025-06-01,Supplier D (India),Air Freight,Raw Materials,8255.58,7,7,False,0,False,True
ORD-10955,2025-11-07,Supplier C (USA),Rail Freight,Heavy Machinery,6625.93,30,29,False,0,False,True
ORD-10956,2025-05-17,Supplier B (China),Air Freight,Heavy Machinery,8078.57,30,36,True,6,False,False
ORD-10957,2025-09-04,Supplier D (India),Air Freight,Electronics,3105.83,45,51,True,6,False,False
ORD-10958,2025-08-31,Supplier C (USA),Ocean Cargo,Heavy Machinery,2791.86,21,20,False,0,False,True
ORD-10959,2025-01-31,Supplier B (China),Ocean Cargo,Raw Materials,13595.95,45,47,True,2,False,False
ORD-10960,2025-02-09,Supplier A (Germany),Air Freight,Heavy Machinery,9536.78,14,21,True,7,False,False
ORD-10961,2025-08-17,Supplier A (Germany),Rail Freight,Electronics,2705.34,45,54,True,9,False,False
ORD-10962,2025-02-05,Supplier D (India),Express Courier,Industrial Components,1093.37,14,14,False,0,False,True
ORD-10963,2025-08-11,Supplier D (India),Ocean Cargo,Raw Materials,2750.64,7,7,False,0,False,True
ORD-10964,2025-01-06,Supplier E (Vietnam),Ocean Cargo,Raw Materials,7591.83,30,29,False,0,True,False
ORD-10965,2025-11-18,Supplier C (USA),Air Freight,Electronics,2902.69,30,31,True,1,False,False
ORD-10966,2025-08-08,Supplier B (China),Ocean Cargo,Electronics,6400.01,21,28,True,7,False,False
ORD-10967,2025-03-16,Supplier A (Germany),Express Courier,Electronics,15303.19,45,47,True,2,False,False
ORD-10968,2025-01-04,Supplier C (USA),Air Freight,Electronics,4562.28,7,7,False,0,False,True
ORD-10969,2025-12-01,Supplier C (USA),Air Freight,Raw Materials,5926.38,14,12,False,0,False,True
ORD-10970,2025-05-14,Supplier E (Vietnam),Ocean Cargo,Industrial Components,8500.86,21,20,False,0,False,True
ORD-10971,2025-04-28,Supplier A (Germany),Air Freight,Heavy Machinery,2067.99,7,7,False,0,False,True
ORD-10972,2025-04-04,Supplier B (China),Rail Freight,Heavy Machinery,2648.0,7,9,True,2,False,False
ORD-10973,2025-03-03,Supplier C (USA),Air Freight,Industrial Components,8786.12,14,12,False,0,False,True
ORD-10974,2025-07-13,Supplier C (USA),Express Courier,Industrial Components,5062.29,14,29,True,15,False,False
ORD-10975,2025-12-01,Supplier C (USA),Ocean Cargo,Industrial Components,5417.59,30,32,True,2,False,False
ORD-10976,2025-07-22,Supplier D (India),Express Courier,Electronics,5047.4,45,48,True,3,False,False
ORD-10977,2025-01-26,Supplier A (Germany),Ocean Cargo,Raw Materials,10749.72,21,24,True,3,False,False
ORD-10978,2025-06-22,Supplier D (India),Ocean Cargo,Raw Materials,6964.42,45,48,True,3,False,False
ORD-10979,2025-10-27,Supplier C (USA),Express Courier,Raw Materials,7037.84,21,19,False,0,False,True
ORD-10980,2025-05-13,Supplier D (India),Ocean Cargo,Electronics,13065.87,7,5,False,0,False,True
ORD-10981,2025-11-22,Supplier D (India),Ocean Cargo,Raw Materials,17769.86,14,14,False,0,False,True
ORD-10982,2025-04-28,Supplier B (China),Ocean Cargo,Electronics,29580.58,14,14,False,0,False,True
ORD-10983,2025-11-20,Supplier B (China),Express Courier,Raw Materials,3092.67,7,7,False,0,False,True
ORD-10984,2025-10-02,Supplier E (Vietnam),Ocean Cargo,Industrial Components,35437.5,7,5,False,0,False,True
ORD-10985,2025-07-31,Supplier B (China),Rail Freight,Heavy Machinery,2043.83,21,21,False,0,False,True
ORD-10986,2025-08-13,Supplier E (Vietnam),Air Freight,Heavy Machinery,23114.1,7,15,True,8,False,False
ORD-10987,2025-01-20,Supplier A (Germany),Ocean Cargo,Electronics,2959.67,21,30,True,9,False,False
ORD-10988,2025-04-23,Supplier C (USA),Express Courier,Raw Materials,4651.05,45,58,True,13,False,False
ORD-10989,2025-05-20,Supplier D (India),Ocean Cargo,Heavy Machinery,4988.35,14,24,True,10,False,False
ORD-10990,2025-02-16,Supplier E (Vietnam),Express Courier,Industrial Components,2456.33,14,15,True,1,False,False
ORD-10991,2025-01-01,Supplier B (China),Rail Freight,Industrial Components,5267.84,14,16,True,2,False,False
ORD-10992,2025-03-31,Supplier D (India),Ocean Cargo,Industrial Components,2559.92,45,46,True,1,False,False
ORD-10993,2025-05-22,Supplier B (China),Air Freight,Electronics,1829.95,45,51,True,6,False,False
ORD-10994,2025-11-16,Supplier A (Germany),Air Freight,Electronics,4764.85,30,38,True,8,False,False
ORD-10995,2025-02-07,Supplier C (USA),Express Courier,Raw Materials,17534.08,21,28,True,7,False,False
ORD-10996,2025-10-20,Supplier C (USA),Express Courier,Industrial Components,4010.95,21,23,True,2,False,False
ORD-10997,2025-05-19,Supplier E (Vietnam),Air Freight,Raw Materials,10433.91,30,28,False,0,False,True
ORD-10998,2025-12-22,Supplier B (China),Air Freight,Raw Materials,2498.55,14,14,False,0,False,True
ORD-10999,2025-11-29,Supplier A (Germany),Air Freight,Industrial Components,1760.26,21,21,False,0,False,True
ORD-11000,2025-09-16,Supplier A (Germany),Express Courier,Raw Materials,7066.27,21,21,False,0,False,True
ORD-11001,2025-06-10,Supplier B (China),Ocean Cargo,Heavy Machinery,20020.06,14,16,True,2,False,False
ORD-11002,2025-06-27,Supplier B (China),Ocean Cargo,Electronics,5809.0,7,6,False,0,False,True
ORD-11003,2025-01-10,Supplier D (India),Ocean Cargo,Raw Materials,9521.6,7,7,False,0,True,False
ORD-11004,2025-09-18,Supplier B (China),Express Courier,Industrial Components,16254.08,30,37,True,7,False,False
ORD-11005,2025-05-18,Supplier E (Vietnam),Ocean Cargo,Electronics,4773.22,45,45,False,0,False,True
ORD-11006,2025-06-21,Supplier E (Vietnam),Ocean Cargo,Electronics,4351.82,21,27,True,6,False,False
ORD-11007,2025-01-13,Supplier C (USA),Air Freight,Raw Materials,7170.07,21,27,True,6,False,False
ORD-11008,2025-06-17,Supplier E (Vietnam),Ocean Cargo,Heavy Machinery,8266.9,30,39,True,9,False,False
ORD-11009,2025-05-10,Supplier D (India),Express Courier,Raw Materials,1604.91,30,31,True,1,False,False
ORD-11010,2025-03-25,Supplier B (China),Rail Freight,Heavy Machinery,6226.57,21,31,True,10,False,False
ORD-11011,2025-11-17,Supplier A (Germany),Air Freight,Electronics,4912.09,14,15,True,1,False,False
ORD-11012,2025-11-15,Supplier B (China),Air Freight,Raw Materials,2613.34,14,14,False,0,False,True
ORD-11013,2025-04-11,Supplier C (USA),Air Freight,Industrial Components,4647.81,45,43,False,0,False,True
ORD-11014,2025-11-25,Supplier D (India),Ocean Cargo,Raw Materials,1934.76,21,27,True,6,False,False
ORD-11015,2025-09-30,Supplier B (China),Express Courier,Heavy Machinery,1467.42,21,20,False,0,False,True
ORD-11016,2025-09-22,Supplier D (India),Air Freight,Heavy Machinery,5184.76,21,27,True,6,False,False
ORD-11017,2025-02-07,Supplier C (USA),Ocean Cargo,Raw Materials,10113.86,21,26,True,5,True,False
ORD-11018,2025-04-04,Supplier A (Germany),Ocean Cargo,Heavy Machinery,3722.56,30,29,False,0,False,True
ORD-11019,2025-04-05,Supplier E (Vietnam),Air Freight,Electronics,2278.83,7,17,True,10,False,False
ORD-11020,2025-11-01,Supplier B (China),Ocean Cargo,Raw Materials,2580.56,21,19,False,0,False,True
ORD-11021,2025-03-10,Supplier B (China),Air Freight,Heavy Machinery,7624.76,7,15,True,8,False,False
ORD-11022,2025-11-14,Supplier C (USA),Ocean Cargo,Raw Materials,18655.72,14,15,True,1,False,False
ORD-11023,2025-08-24,Supplier A (Germany),Express Courier,Raw Materials,9103.05,45,47,True,2,False,False
ORD-11024,2025-11-30,Supplier C (USA),Ocean Cargo,Industrial Components,13913.76,14,16,True,2,True,False
ORD-11025,2025-05-17,Supplier B (China),Air Freight,Raw Materials,2125.79,21,22,True,1,False,False
ORD-11026,2025-03-17,Supplier B (China),Rail Freight,Industrial Components,4632.52,14,16,True,2,False,False
ORD-11027,2025-02-04,Supplier E (Vietnam),Ocean Cargo,Heavy Machinery,11102.8,30,31,True,1,False,False
ORD-11028,2025-01-01,Supplier B (China),Express Courier,Industrial Components,1604.65,7,8,True,1,False,False
ORD-11029,2025-10-23,Supplier A (Germany),Air Freight,Industrial Components,2902.42,21,22,True,1,False,False
ORD-11030,2025-11-16,Supplier B (China),Air Freight,Industrial Components,10442.25,30,32,True,2,False,False
ORD-11031,2025-03-01,Supplier E (Vietnam),Air Freight,Electronics,6043.51,7,13,True,6,False,False
ORD-11032,2025-11-16,Supplier A (Germany),Air Freight,Industrial Components,2270.85,30,29,False,0,False,True
ORD-11033,2025-12-15,Supplier A (Germany),Ocean Cargo,Raw Materials,1333.21,14,22,True,8,False,False
ORD-11034,2025-11-24,Supplier A (Germany),Rail Freight,Industrial Components,14326.3,21,25,True,4,False,False
ORD-11035,2025-09-24,Supplier A (Germany),Ocean Cargo,Raw Materials,950.79,14,13,False,0,False,True
ORD-11036,2025-12-27,Supplier D (India),Air Freight,Industrial Components,8151.17,45,49,True,4,False,False
ORD-11037,2025-08-17,Supplier D (India),Ocean Cargo,Electronics,3208.52,21,23,True,2,False,False
ORD-11038,2025-09-27,Supplier B (China),Air Freight,Heavy Machinery,11357.74,14,18,True,4,False,False
ORD-11039,2025-11-12,Supplier C (USA),Ocean Cargo,Industrial Components,2135.13,21,21,False,0,False,True
ORD-11040,2025-10-13,Supplier B (China),Ocean Cargo,Industrial Components,39808.64,7,14,True,7,False,False
ORD-11041,2025-10-18,Supplier E (Vietnam),Express Courier,Electronics,6780.72,21,26,True,5,False,False
ORD-11042,2025-08-01,Supplier E (Vietnam),Rail Freight,Industrial Components,7736.12,21,22,True,1,False,False
ORD-11043,2025-06-14,Supplier B (China),Air Freight,Raw Materials,2648.01,7,12,True,5,False,False
ORD-11044,2025-01-05,Supplier D (India),Ocean Cargo,Industrial Components,4417.35,14,12,False,0,False,True
ORD-11045,2025-12-05,Supplier D (India),Rail Freight,Industrial Components,4509.95,21,22,True,1,False,False
ORD-11046,2025-03-19,Supplier B (China),Express Courier,Heavy Machinery,20678.6,30,30,False,0,False,True
ORD-11047,2025-03-03,Supplier A (Germany),Ocean Cargo,Heavy Machinery,6771.39,21,19,False,0,False,True
ORD-11048,2025-05-12,Supplier B (China),Rail Freight,Industrial Components,7593.62,14,13,False,0,False,True
ORD-11049,2025-03-30,Supplier D (India),Air Freight,Electronics,7526.0,7,6,False,0,False,True
ORD-11050,2025-08-25,Supplier E (Vietnam),Rail Freight,Heavy Machinery,8126.53,14,13,False,0,False,True
ORD-11051,2025-02-11,Supplier D (India),Air Freight,Industrial Components,1617.18,45,43,False,0,False,True
ORD-11052,2025-03-30,Supplier D (India),Ocean Cargo,Heavy Machinery,25321.64,21,25,True,4,False,False
ORD-11053,2025-10-23,Supplier C (USA),Express Courier,Industrial Components,2435.75,21,22,True,1,False,False
ORD-11054,2025-11-24,Supplier D (India),Air Freight,Heavy Machinery,4766.07,7,11,True,4,False,False
ORD-11055,2025-10-22,Supplier D (India),Ocean Cargo,Heavy Machinery,16733.81,21,21,False,0,False,True
ORD-11056,2025-04-14,Supplier B (China),Ocean Cargo,Raw Materials,23102.6,30,31,True,1,False,False
ORD-11057,2025-01-14,Supplier C (USA),Rail Freight,Industrial Components,9365.27,30,32,True,2,False,False
ORD-11058,2025-10-15,Supplier D (India),Express Courier,Industrial Components,3282.12,14,18,True,4,False,False
ORD-11059,2025-06-28,Supplier A (Germany),Express Courier,Industrial Components,5443.56,7,8,True,1,False,False
ORD-11060,2025-05-05,Supplier D (India),Ocean Cargo,Industrial Components,5617.12,45,46,True,1,False,False
ORD-11061,2025-12-19,Supplier A (Germany),Express Courier,Heavy Machinery,5778.57,14,15,True,1,False,False
ORD-11062,2025-01-23,Supplier B (China),Ocean Cargo,Raw Materials,1837.13,7,7,False,0,False,True
ORD-11063,2025-03-04,Supplier D (India),Ocean Cargo,Raw Materials,13468.21,7,8,True,1,False,False
ORD-11064,2025-05-23,Supplier B (China),Express Courier,Electronics,5473.49,14,16,True,2,False,False
ORD-11065,2025-06-02,Supplier A (Germany),Ocean Cargo,Industrial Components,2757.9,14,18,True,4,False,False
ORD-11066,2025-05-25,Supplier B (China),Air Freight,Electronics,3298.71,21,23,True,2,False,False
ORD-11067,2025-08-13,Supplier D (India),Air Freight,Heavy Machinery,6099.0,45,50,True,5,False,False
ORD-11068,2025-11-05,Supplier A (Germany),Air Freight,Electronics,1599.87,30,29,False,0,False,True
ORD-11069,2025-04-14,Supplier E (Vietnam),Express Courier,Industrial Components,9924.36,21,20,False,0,False,True
ORD-11070,2025-04-14,Supplier A (Germany),Ocean Cargo,Raw Materials,5930.03,7,6,False,0,False,True
ORD-11071,2025-02-08,Supplier E (Vietnam),Express Courier,Raw Materials,17198.06,45,52,True,7,False,False
ORD-11072,2025-07-17,Supplier E (Vietnam),Ocean Cargo,Industrial Components,5229.48,45,45,False,0,False,True
ORD-11073,2025-05-14,Supplier B (China),Air Freight,Heavy Machinery,2062.73,14,14,False,0,False,True
ORD-11074,2025-03-08,Supplier B (China),Ocean Cargo,Industrial Components,1885.14,45,45,False,0,False,True
ORD-11075,2025-06-28,Supplier B (China),Express Courier,Heavy Machinery,3595.49,45,44,False,0,False,True
ORD-11076,2025-02-11,Supplier C (USA),Ocean Cargo,Raw Materials,3913.06,7,6,False,0,False,True
ORD-11077,2025-01-15,Supplier A (Germany),Rail Freight,Heavy Machinery,3121.88,21,36,True,15,False,False
ORD-11078,2025-04-21,Supplier A (Germany),Ocean Cargo,Industrial Components,5446.8,45,43,False,0,False,True
ORD-11079,2025-06-06,Supplier A (Germany),Ocean Cargo,Industrial Components,3059.13,14,16,True,2,False,False
ORD-11080,2025-10-16,Supplier B (China),Ocean Cargo,Industrial Components,6023.14,21,20,False,0,False,True
ORD-11081,2025-08-19,Supplier B (China),Rail Freight,Heavy Machinery,3240.49,14,13,False,0,True,False
ORD-11082,2025-06-06,Supplier C (USA),Express Courier,Heavy Machinery,8146.66,45,46,True,1,False,False
ORD-11083,2025-02-07,Supplier E (Vietnam),Air Freight,Heavy Machinery,3834.99,21,22,True,1,True,False
ORD-11084,2025-04-07,Supplier B (China),Ocean Cargo,Raw Materials,13319.25,45,45,False,0,False,True
ORD-11085,2025-10-16,Supplier C (USA),Ocean Cargo,Electronics,8281.97,7,7,False,0,False,True
ORD-11086,2025-09-11,Supplier B (China),Express Courier,Electronics,5738.01,21,22,True,1,False,False
ORD-11087,2025-07-15,Supplier D (India),Air Freight,Industrial Components,4162.45,14,15,True,1,False,False
ORD-11088,2025-03-27,Supplier E (Vietnam),Express Courier,Raw Materials,1457.96,7,7,False,0,False,True
ORD-11089,2025-11-18,Supplier D (India),Rail Freight,Heavy Machinery,15227.21,30,33,True,3,False,False
ORD-11090,2025-01-10,Supplier E (Vietnam),Air Freight,Industrial Components,2850.87,14,29,True,15,False,False
ORD-11091,2025-01-05,Supplier A (Germany),Express Courier,Raw Materials,5284.78,45,43,False,0,False,True
ORD-11092,2025-05-03,Supplier D (India),Air Freight,Industrial Components,6470.73,14,16,True,2,False,False
ORD-11093,2025-11-26,Supplier D (India),Air Freight,Raw Materials,4243.7,30,31,True,1,False,False
ORD-11094,2025-12-19,Supplier A (Germany),Air Freight,Raw Materials,14525.79,14,15,True,1,False,False
ORD-11095,2025-04-28,Supplier E (Vietnam),Air Freight,Electronics,1849.93,7,8,True,1,False,False
ORD-11096,2025-10-21,Supplier A (Germany),Express Courier,Industrial Components,19675.86,14,24,True,10,False,False
ORD-11097,2025-06-08,Supplier C (USA),Air Freight,Heavy Machinery,8410.58,21,36,True,15,False,False
ORD-11098,2025-10-30,Supplier A (Germany),Air Freight,Electronics,4035.41,30,30,False,0,False,True
ORD-11099,2025-08-16,Supplier B (China),Air Freight,Electronics,4071.7,14,15,True,1,False,False
ORD-11100,2025-12-31,Supplier D (India),Air Freight,Heavy Machinery,834.26,30,32,True,2,False,False
ORD-11101,2025-08-04,Supplier C (USA),Air Freight,Raw Materials,2493.43,7,5,False,0,False,True
ORD-11102,2025-07-03,Supplier B (China),Ocean Cargo,Heavy Machinery,3702.92,21,23,True,2,False,False
ORD-11103,2025-01-15,Supplier B (China),Air Freight,Industrial Components,5658.33,45,45,False,0,False,True
ORD-11104,2025-06-06,Supplier D (India),Express Courier,Heavy Machinery,13462.52,14,12,False,0,False,True
ORD-11105,2025-05-16,Supplier A (Germany),Express Courier,Raw Materials,25085.28,7,8,True,1,False,False
ORD-11106,2025-09-18,Supplier B (China),Air Freight,Heavy Machinery,6110.8,30,32,True,2,False,False
ORD-11107,2025-06-06,Supplier E (Vietnam),Express Courier,Raw Materials,5793.47,30,30,False,0,False,True
ORD-11108,2025-02-16,Supplier D (India),Air Freight,Raw Materials,3320.0,7,9,True,2,False,False
ORD-11109,2025-11-20,Supplier B (China),Air Freight,Industrial Components,1246.28,14,28,True,14,False,False
ORD-11110,2025-11-28,Supplier D (India),Air Freight,Heavy Machinery,3027.13,45,44,False,0,False,True
ORD-11111,2025-06-22,Supplier D (India),Ocean Cargo,Heavy Machinery,4169.7,14,21,True,7,False,False
ORD-11112,2025-05-10,Supplier D (India),Ocean Cargo,Industrial Components,10724.82,21,19,False,0,False,True
ORD-11113,2025-04-05,Supplier B (China),Express Courier,Raw Materials,7447.34,14,25,True,11,False,False
ORD-11114,2025-04-25,Supplier A (Germany),Ocean Cargo,Heavy Machinery,5867.81,21,20,False,0,False,True
ORD-11115,2025-08-31,Supplier B (China),Express Courier,Industrial Components,3088.25,30,28,False,0,False,True
ORD-11116,2025-10-19,Supplier B (China),Air Freight,Raw Materials,1006.57,21,28,True,7,False,False
ORD-11117,2025-10-09,Supplier C (USA),Express Courier,Industrial Components,1056.37,45,45,False,0,False,True
ORD-11118,2025-10-26,Supplier A (Germany),Air Freight,Heavy Machinery,1298.56,7,9,True,2,False,False
ORD-11119,2025-10-10,Supplier C (USA),Air Freight,Industrial Components,3890.9,21,37,True,16,False,False
ORD-11120,2025-03-10,Supplier B (China),Air Freight,Electronics,10886.03,14,12,False,0,False,True
ORD-11121,2025-05-28,Supplier B (China),Air Freight,Raw Materials,10653.59,21,20,False,0,False,True
ORD-11122,2025-01-11,Supplier D (India),Ocean Cargo,Electronics,9274.02,30,35,True,5,False,False
ORD-11123,2025-09-11,Supplier B (China),Express Courier,Electronics,3254.92,21,28,True,7,True,False
ORD-11124,2025-11-26,Supplier A (Germany),Air Freight,Raw Materials,12276.11,45,49,True,4,False,False
ORD-11125,2025-12-26,Supplier D (India),Express Courier,Raw Materials,2333.54,21,19,False,0,False,True
ORD-11126,2025-02-07,Supplier A (Germany),Ocean Cargo,Industrial Components,9727.52,45,48,True,3,False,False
ORD-11127,2025-05-14,Supplier D (India),Express Courier,Raw Materials,1287.35,14,23,True,9,False,False
ORD-11128,2025-07-19,Supplier D (India),Air Freight,Electronics,1916.6,30,36,True,6,False,False
ORD-11129,2025-01-23,Supplier B (China),Ocean Cargo,Electronics,18436.58,7,5,False,0,False,True
ORD-11130,2025-10-30,Supplier D (India),Rail Freight,Heavy Machinery,4175.26,14,18,True,4,False,False
ORD-11131,2025-12-12,Supplier B (China),Ocean Cargo,Raw Materials,2850.43,14,13,False,0,False,True
ORD-11132,2025-10-29,Supplier B (China),Ocean Cargo,Electronics,11875.19,7,7,False,0,False,True
ORD-11133,2025-12-29,Supplier A (Germany),Air Freight,Heavy Machinery,13015.51,21,31,True,10,False,False
ORD-11134,2025-08-06,Supplier B (China),Air Freight,Heavy Machinery,3475.09,21,24,True,3,False,False
ORD-11135,2025-05-21,Supplier E (Vietnam),Ocean Cargo,Industrial Components,6141.17,21,22,True,1,False,False
ORD-11136,2025-04-14,Supplier B (China),Express Courier,Electronics,5483.65,30,31,True,1,False,False
ORD-11137,2025-07-29,Supplier B (China),Air Freight,Industrial Components,512.0,14,20,True,6,False,False
ORD-11138,2025-04-21,Supplier B (China),Ocean Cargo,Electronics,1608.91,45,51,True,6,False,False
ORD-11139,2025-04-14,Supplier C (USA),Ocean Cargo,Industrial Components,10444.22,7,13,True,6,True,False
ORD-11140,2025-11-12,Supplier A (Germany),Ocean Cargo,Industrial Components,2524.8,14,18,True,4,False,False
ORD-11141,2025-06-20,Supplier B (China),Ocean Cargo,Raw Materials,7509.1,21,21,False,0,False,True
ORD-11142,2025-12-22,Supplier D (India),Express Courier,Industrial Components,6065.86,7,6,False,0,False,True
ORD-11143,2025-11-20,Supplier A (Germany),Ocean Cargo,Raw Materials,12995.34,45,45,False,0,False,True
ORD-11144,2025-05-13,Supplier A (Germany),Express Courier,Heavy Machinery,1650.72,14,20,True,6,False,False
ORD-11145,2025-10-20,Supplier A (Germany),Air Freight,Electronics,6736.96,14,14,False,0,False,True
ORD-11146,2025-11-24,Supplier B (China),Air Freight,Heavy Machinery,4664.19,30,33,True,3,False,False
ORD-11147,2025-05-07,Supplier D (India),Air Freight,Electronics,2612.81,14,16,True,2,False,False
ORD-11148,2025-04-16,Supplier A (Germany),Air Freight,Heavy Machinery,2598.17,14,17,True,3,False,False
ORD-11149,2025-04-02,Supplier A (Germany),Air Freight,Electronics,5895.74,45,44,False,0,False,True
ORD-11150,2025-10-14,Supplier B (China),Air Freight,Industrial Components,8133.41,45,45,False,0,False,True
ORD-11151,2025-02-20,Supplier D (India),Express Courier,Electronics,5171.29,7,12,True,5,False,False
ORD-11152,2025-01-29,Supplier C (USA),Air Freight,Electronics,5301.64,21,21,False,0,False,True
ORD-11153,2025-10-23,Supplier B (China),Express Courier,Heavy Machinery,3298.44,45,43,False,0,False,True
ORD-11154,2025-10-24,Supplier D (India),Air Freight,Heavy Machinery,3478.13,7,5,False,0,False,True
ORD-11155,2025-08-02,Supplier C (USA),Rail Freight,Heavy Machinery,2607.18,14,14,False,0,False,True
ORD-11156,2025-09-24,Supplier D (India),Express Courier,Raw Materials,3245.81,7,12,True,5,False,False
ORD-11157,2025-09-14,Supplier D (India),Air Freight,Raw Materials,7908.87,7,10,True,3,False,False
ORD-11158,2025-10-29,Supplier B (China),Express Courier,Electronics,8648.36,7,7,False,0,False,True
ORD-11159,2025-04-11,Supplier B (China),Ocean Cargo,Electronics,1771.0,7,7,False,0,False,True
ORD-11160,2025-12-12,Supplier A (Germany),Express Courier,Industrial Components,2399.1,45,45,False,0,False,True
ORD-11161,2025-04-20,Supplier B (China),Ocean Cargo,Industrial Components,2784.1,21,27,True,6,False,False
ORD-11162,2025-07-01,Supplier E (Vietnam),Ocean Cargo,Electronics,4669.33,7,6,False,0,False,True
ORD-11163,2025-11-09,Supplier B (China),Express Courier,Raw Materials,1278.54,30,33,True,3,False,False
ORD-11164,2025-01-01,Supplier A (Germany),Ocean Cargo,Electronics,2432.99,14,20,True,6,False,False
ORD-11165,2025-11-15,Supplier D (India),Air Freight,Industrial Components,1622.19,14,17,True,3,True,False
ORD-11166,2025-02-24,Supplier B (China),Express Courier,Raw Materials,6770.88,14,12,False,0,False,True
ORD-11167,2025-05-29,Supplier A (Germany),Ocean Cargo,Raw Materials,4799.47,14,13,False,0,False,True
ORD-11168,2025-11-05,Supplier B (China),Ocean Cargo,Industrial Components,3394.67,14,17,True,3,False,False
ORD-11169,2025-05-17,Supplier B (China),Air Freight,Electronics,2099.34,7,12,True,5,False,False
ORD-11170,2025-07-21,Supplier D (India),Ocean Cargo,Heavy Machinery,3436.89,21,21,False,0,False,True
ORD-11171,2025-11-09,Supplier A (Germany),Rail Freight,Electronics,3128.3,30,42,True,12,False,False
ORD-11172,2025-04-27,Supplier B (China),Air Freight,Electronics,18173.74,45,46,True,1,False,False
ORD-11173,2025-06-03,Supplier B (China),Ocean Cargo,Industrial Components,10911.97,30,41,True,11,False,False
ORD-11174,2025-10-18,Supplier B (China),Ocean Cargo,Raw Materials,2828.31,45,45,False,0,False,True
ORD-11175,2025-03-04,Supplier C (USA),Express Courier,Industrial Components,5609.16,45,49,True,4,False,False
ORD-11176,2025-09-01,Supplier B (China),Ocean Cargo,Electronics,10460.56,30,30,False,0,False,True
ORD-11177,2025-01-25,Supplier B (China),Ocean Cargo,Heavy Machinery,2827.61,7,9,True,2,False,False
ORD-11178,2025-03-31,Supplier E (Vietnam),Rail Freight,Heavy Machinery,1581.79,14,19,True,5,False,False
ORD-11179,2025-03-16,Supplier C (USA),Ocean Cargo,Heavy Machinery,1167.38,7,6,False,0,False,True
ORD-11180,2025-10-21,Supplier A (Germany),Air Freight,Industrial Components,13599.84,14,12,False,0,False,True
ORD-11181,2025-07-29,Supplier C (USA),Air Freight,Raw Materials,4218.14,21,19,False,0,False,True
ORD-11182,2025-12-13,Supplier D (India),Ocean Cargo,Industrial Components,6204.69,45,45,False,0,False,True
ORD-11183,2025-01-17,Supplier D (India),Air Freight,Heavy Machinery,3104.51,30,49,True,19,False,False
ORD-11184,2025-05-08,Supplier A (Germany),Air Freight,Electronics,1782.34,21,19,False,0,False,True
ORD-11185,2025-12-30,Supplier E (Vietnam),Express Courier,Raw Materials,2069.29,14,14,False,0,True,False
ORD-11186,2025-09-08,Supplier B (China),Air Freight,Industrial Components,1681.05,7,5,False,0,False,True
ORD-11187,2025-06-28,Supplier A (Germany),Express Courier,Industrial Components,9701.11,30,30,False,0,False,True
ORD-11188,2025-07-01,Supplier A (Germany),Air Freight,Raw Materials,16220.79,45,47,True,2,False,False
ORD-11189,2025-06-01,Supplier A (Germany),Express Courier,Raw Materials,5063.41,21,21,False,0,False,True
ORD-11190,2025-01-25,Supplier D (India),Express Courier,Electronics,1459.37,45,45,False,0,False,True
ORD-11191,2025-06-29,Supplier A (Germany),Air Freight,Raw Materials,7311.97,14,18,True,4,False,False
ORD-11192,2025-07-17,Supplier A (Germany),Ocean Cargo,Electronics,13520.84,45,46,True,1,False,False
ORD-11193,2025-12-10,Supplier D (India),Air Freight,Heavy Machinery,10692.88,7,8,True,1,False,False
ORD-11194,2025-06-10,Supplier B (China),Express Courier,Heavy Machinery,4801.56,21,21,False,0,False,True
ORD-11195,2025-06-26,Supplier A (Germany),Express Courier,Industrial Components,4074.14,21,22,True,1,False,False
ORD-11196,2025-10-12,Supplier A (Germany),Ocean Cargo,Heavy Machinery,4770.79,7,13,True,6,False,False
ORD-11197,2025-03-04,Supplier A (Germany),Ocean Cargo,Heavy Machinery,13097.8,45,43,False,0,False,True
ORD-11198,2025-05-30,Supplier A (Germany),Ocean Cargo,Electronics,9029.86,7,7,False,0,False,True
ORD-11199,2025-06-03,Supplier C (USA),Express Courier,Industrial Components,3609.75,30,38,True,8,False,False
ORD-11200,2025-06-05,Supplier A (Germany),Ocean Cargo,Raw Materials,3537.83,7,9,True,2,False,False
ORD-11201,2025-02-18,Supplier A (Germany),Air Freight,Industrial Components,3343.07,45,45,False,0,True,False
ORD-11202,2025-12-03,Supplier D (India),Ocean Cargo,Heavy Machinery,2097.06,7,7,False,0,False,True
ORD-11203,2025-03-25,Supplier C (USA),Air Freight,Raw Materials,14493.72,14,22,True,8,False,False
ORD-11204,2025-12-27,Supplier B (China),Express Courier,Industrial Components,2616.89,7,7,False,0,True,False
ORD-11205,2025-06-26,Supplier B (China),Air Freight,Industrial Components,7275.16,7,9,True,2,False,False
ORD-11206,2025-05-28,Supplier B (China),Ocean Cargo,Industrial Components,2895.34,45,57,True,12,False,False
ORD-11207,2025-04-28,Supplier B (China),Air Freight,Industrial Components,3355.05,30,32,True,2,False,False
ORD-11208,2025-12-08,Supplier B (China),Air Freight,Electronics,4486.8,30,32,True,2,False,False
ORD-11209,2025-03-04,Supplier B (China),Ocean Cargo,Industrial Components,7602.21,45,43,False,0,False,True
ORD-11210,2025-07-08,Supplier E (Vietnam),Rail Freight,Heavy Machinery,3994.29,45,45,False,0,False,True
ORD-11211,2025-12-26,Supplier A (Germany),Express Courier,Heavy Machinery,1975.62,45,50,True,5,False,False
ORD-11212,2025-02-18,Supplier D (India),Air Freight,Electronics,4990.37,14,19,True,5,False,False
ORD-11213,2025-11-23,Supplier A (Germany),Air Freight,Raw Materials,2661.55,21,33,True,12,False,False
ORD-11214,2025-09-14,Supplier D (India),Express Courier,Raw Materials,16900.03,7,12,True,5,False,False
ORD-11215,2025-08-12,Supplier C (USA),Ocean Cargo,Heavy Machinery,3991.99,45,46,True,1,False,False
ORD-11216,2025-05-21,Supplier D (India),Air Freight,Heavy Machinery,2880.23,45,45,False,0,False,True
ORD-11217,2025-08-03,Supplier A (Germany),Express Courier,Electronics,23857.18,45,60,True,15,False,False
ORD-11218,2025-07-30,Supplier C (USA),Express Courier,Raw Materials,8876.05,30,31,True,1,False,False
ORD-11219,2025-11-14,Supplier B (China),Rail Freight,Raw Materials,2398.46,45,46,True,1,False,False
ORD-11220,2025-02-01,Supplier D (India),Rail Freight,Industrial Components,2610.43,7,7,False,0,False,True
ORD-11221,2025-06-07,Supplier B (China),Express Courier,Industrial Components,7182.09,45,48,True,3,True,False
ORD-11222,2025-10-12,Supplier B (China),Air Freight,Industrial Components,5088.72,7,8,True,1,False,False
ORD-11223,2025-11-01,Supplier B (China),Air Freight,Electronics,10018.02,14,12,False,0,False,True
ORD-11224,2025-10-13,Supplier B (China),Ocean Cargo,Heavy Machinery,2892.45,21,39,True,18,False,False
ORD-11225,2025-05-24,Supplier B (China),Ocean Cargo,Electronics,8611.79,30,30,False,0,False,True
ORD-11226,2025-01-19,Supplier A (Germany),Ocean Cargo,Raw Materials,820.05,7,14,True,7,False,False
ORD-11227,2025-01-18,Supplier E (Vietnam),Ocean Cargo,Heavy Machinery,4343.55,14,12,False,0,False,True
ORD-11228,2025-09-14,Supplier D (India),Ocean Cargo,Industrial Components,2999.67,21,24,True,3,False,False
ORD-11229,2025-03-19,Supplier E (Vietnam),Ocean Cargo,Electronics,3415.1,21,21,False,0,True,False
ORD-11230,2025-06-24,Supplier A (Germany),Air Freight,Electronics,4526.48,21,34,True,13,False,False
ORD-11231,2025-07-13,Supplier D (India),Air Freight,Industrial Components,12219.68,7,6,False,0,False,True
ORD-11232,2025-04-23,Supplier D (India),Ocean Cargo,Electronics,1952.31,14,15,True,1,False,False
ORD-11233,2025-04-24,Supplier C (USA),Express Courier,Industrial Components,853.69,45,45,False,0,False,True
ORD-11234,2025-08-10,Supplier C (USA),Air Freight,Raw Materials,2142.13,14,17,True,3,False,False
ORD-11235,2025-06-15,Supplier B (China),Ocean Cargo,Heavy Machinery,11136.12,14,14,False,0,False,True
ORD-11236,2025-11-15,Supplier D (India),Express Courier,Raw Materials,1318.18,14,16,True,2,False,False
ORD-11237,2025-05-12,Supplier B (China),Ocean Cargo,Raw Materials,3110.2,7,5,False,0,False,True
ORD-11238,2025-09-21,Supplier A (Germany),Air Freight,Industrial Components,9620.6,7,5,False,0,False,True
ORD-11239,2025-02-24,Supplier B (China),Ocean Cargo,Electronics,4690.33,7,6,False,0,False,True
ORD-11240,2025-12-25,Supplier E (Vietnam),Air Freight,Raw Materials,12124.28,14,12,False,0,False,True
ORD-11241,2025-05-11,Supplier D (India),Rail Freight,Raw Materials,964.96,7,8,True,1,False,False
ORD-11242,2025-10-15,Supplier E (Vietnam),Air Freight,Raw Materials,3799.83,21,22,True,1,False,False
ORD-11243,2025-09-23,Supplier C (USA),Ocean Cargo,Electronics,14324.72,7,7,False,0,False,True
ORD-11244,2025-06-11,Supplier A (Germany),Air Freight,Electronics,1995.19,30,35,True,5,False,False
ORD-11245,2025-03-28,Supplier A (Germany),Ocean Cargo,Industrial Components,11246.9,7,8,True,1,False,False
ORD-11246,2025-02-24,Supplier A (Germany),Ocean Cargo,Raw Materials,4070.2,7,5,False,0,False,True
ORD-11247,2025-10-15,Supplier A (Germany),Air Freight,Heavy Machinery,6955.61,7,11,True,4,False,False
ORD-11248,2025-06-27,Supplier B (China),Ocean Cargo,Electronics,13517.3,7,7,False,0,False,True
ORD-11249,2025-12-15,Supplier A (Germany),Air Freight,Industrial Components,6931.76,30,35,True,5,True,False
ORD-11250,2025-01-08,Supplier B (China),Ocean Cargo,Raw Materials,3062.54,45,47,True,2,False,False
ORD-11251,2025-11-17,Supplier E (Vietnam),Ocean Cargo,Heavy Machinery,7705.2,7,8,True,1,False,False
ORD-11252,2025-11-09,Supplier B (China),Ocean Cargo,Electronics,2894.48,21,19,False,0,False,True
ORD-11253,2025-09-04,Supplier D (India),Express Courier,Heavy Machinery,6116.18,30,35,True,5,False,False
ORD-11254,2025-11-19,Supplier C (USA),Ocean Cargo,Electronics,1805.38,45,53,True,8,False,False
ORD-11255,2025-09-12,Supplier A (Germany),Ocean Cargo,Industrial Components,5030.51,7,7,False,0,False,True
ORD-11256,2025-11-24,Supplier B (China),Air Freight,Heavy Machinery,12726.41,45,48,True,3,False,False
ORD-11257,2025-02-23,Supplier A (Germany),Ocean Cargo,Raw Materials,3869.9,21,21,False,0,False,True
ORD-11258,2025-09-06,Supplier B (China),Express Courier,Raw Materials,11789.36,30,32,True,2,False,False
ORD-11259,2025-08-27,Supplier C (USA),Air Freight,Electronics,58380.87,30,38,True,8,False,False
ORD-11260,2025-08-17,Supplier A (Germany),Express Courier,Raw Materials,4802.26,45,47,True,2,False,False
ORD-11261,2025-03-08,Supplier A (Germany),Air Freight,Heavy Machinery,8033.32,7,16,True,9,False,False
ORD-11262,2025-02-20,Supplier B (China),Express Courier,Industrial Components,7197.51,14,17,True,3,False,False
ORD-11263,2025-04-07,Supplier E (Vietnam),Air Freight,Electronics,5884.53,30,40,True,10,False,False
ORD-11264,2025-04-02,Supplier D (India),Express Courier,Heavy Machinery,9230.95,14,19,True,5,False,False
ORD-11265,2025-09-21,Supplier D (India),Ocean Cargo,Electronics,4030.01,30,30,False,0,False,True
ORD-11266,2025-10-18,Supplier A (Germany),Air Freight,Industrial Components,2892.76,7,7,False,0,False,True
ORD-11267,2025-04-06,Supplier D (India),Air Freight,Electronics,1449.45,7,7,False,0,False,True
ORD-11268,2025-03-29,Supplier D (India),Ocean Cargo,Raw Materials,3736.08,30,31,True,1,False,False
ORD-11269,2025-03-19,Supplier C (USA),Rail Freight,Raw Materials,10108.66,45,43,False,0,False,True
ORD-11270,2025-10-15,Supplier E (Vietnam),Air Freight,Electronics,2317.31,7,7,False,0,False,True
ORD-11271,2025-04-30,Supplier B (China),Air Freight,Industrial Components,5986.98,7,18,True,11,False,False
ORD-11272,2025-10-29,Supplier E (Vietnam),Ocean Cargo,Industrial Components,4453.8,21,23,True,2,False,False
ORD-11273,2025-06-14,Supplier E (Vietnam),Ocean Cargo,Raw Materials,2991.19,7,6,False,0,False,True
ORD-11274,2025-07-01,Supplier A (Germany),Ocean Cargo,Industrial Components,1116.07,21,21,False,0,False,True
ORD-11275,2025-08-11,Supplier B (China),Ocean Cargo,Electronics,14622.02,7,14,True,7,False,False
ORD-11276,2025-11-07,Supplier E (Vietnam),Air Freight,Heavy Machinery,7433.5,7,5,False,0,False,True
ORD-11277,2025-01-07,Supplier A (Germany),Rail Freight,Electronics,41449.47,45,47,True,2,True,False
ORD-11278,2025-11-26,Supplier B (China),Ocean Cargo,Raw Materials,11655.46,45,44,False,0,False,True
ORD-11279,2025-09-20,Supplier E (Vietnam),Air Freight,Raw Materials,14363.35,7,9,True,2,False,False
ORD-11280,2025-06-10,Supplier C (USA),Express Courier,Raw Materials,1212.59,30,32,True,2,False,False
ORD-11281,2025-05-31,Supplier A (Germany),Ocean Cargo,Industrial Components,1195.75,30,36,True,6,False,False
ORD-11282,2025-03-26,Supplier C (USA),Ocean Cargo,Electronics,5083.98,7,6,False,0,False,True
ORD-11283,2025-05-27,Supplier A (Germany),Ocean Cargo,Heavy Machinery,1961.58,30,33,True,3,False,False
ORD-11284,2025-04-22,Supplier B (China),Air Freight,Electronics,2849.7,7,21,True,14,False,False
ORD-11285,2025-02-05,Supplier A (Germany),Ocean Cargo,Heavy Machinery,37086.61,45,45,False,0,False,True
ORD-11286,2025-10-12,Supplier C (USA),Express Courier,Electronics,12732.35,14,16,True,2,False,False
ORD-11287,2025-07-07,Supplier B (China),Air Freight,Raw Materials,2325.0,21,26,True,5,False,False
ORD-11288,2025-03-23,Supplier D (India),Ocean Cargo,Heavy Machinery,740.34,30,31,True,1,False,False
ORD-11289,2025-01-02,Supplier C (USA),Express Courier,Electronics,2173.4,30,28,False,0,False,True
ORD-11290,2025-10-30,Supplier B (China),Rail Freight,Industrial Components,3147.12,45,43,False,0,True,False
ORD-11291,2025-07-16,Supplier C (USA),Ocean Cargo,Industrial Components,3800.88,30,37,True,7,False,False
ORD-11292,2025-01-11,Supplier A (Germany),Ocean Cargo,Electronics,1766.51,7,8,True,1,False,False
ORD-11293,2025-08-22,Supplier C (USA),Ocean Cargo,Raw Materials,12135.38,7,8,True,1,False,False
ORD-11294,2025-07-14,Supplier A (Germany),Rail Freight,Heavy Machinery,2781.74,14,17,True,3,False,False
ORD-11295,2025-04-29,Supplier E (Vietnam),Express Courier,Electronics,8257.38,14,12,False,0,False,True
ORD-11296,2025-01-20,Supplier A (Germany),Air Freight,Industrial Components,5131.28,14,15,True,1,False,False
ORD-11297,2025-09-18,Supplier B (China),Ocean Cargo,Heavy Machinery,10412.7,7,7,False,0,False,True
ORD-11298,2025-10-20,Supplier C (USA),Ocean Cargo,Industrial Components,4062.95,14,16,True,2,False,False
ORD-11299,2025-09-13,Supplier B (China),Express Courier,Industrial Components,2344.93,14,17,True,3,True,False
ORD-11300,2025-08-10,Supplier A (Germany),Ocean Cargo,Electronics,3044.62,7,10,True,3,False,False
ORD-11301,2025-08-14,Supplier C (USA),Ocean Cargo,Industrial Components,3079.16,45,48,True,3,False,False
ORD-11302,2025-02-22,Supplier C (USA),Rail Freight,Heavy Machinery,25633.12,30,28,False,0,False,True
ORD-11303,2025-12-21,Supplier D (India),Air Freight,Raw Materials,5224.97,21,22,True,1,False,False
ORD-11304,2025-12-08,Supplier B (China),Air Freight,Electronics,4933.02,7,6,False,0,False,True
ORD-11305,2025-12-30,Supplier C (USA),Ocean Cargo,Heavy Machinery,9952.92,7,6,False,0,False,True
ORD-11306,2025-10-07,Supplier B (China),Ocean Cargo,Electronics,4914.49,21,19,False,0,False,True
ORD-11307,2025-03-22,Supplier C (USA),Air Freight,Industrial Components,12056.28,21,22,True,1,False,False
ORD-11308,2025-07-21,Supplier C (USA),Air Freight,Industrial Components,3649.47,14,13,False,0,False,True
ORD-11309,2025-06-07,Supplier B (China),Ocean Cargo,Heavy Machinery,3364.68,21,23,True,2,False,False
ORD-11310,2025-04-30,Supplier A (Germany),Express Courier,Heavy Machinery,2243.47,30,33,True,3,False,False
ORD-11311,2025-02-28,Supplier A (Germany),Ocean Cargo,Raw Materials,21591.13,30,34,True,4,False,False
ORD-11312,2025-08-03,Supplier A (Germany),Ocean Cargo,Heavy Machinery,4647.76,30,29,False,0,False,True
ORD-11313,2025-05-08,Supplier A (Germany),Air Freight,Heavy Machinery,1921.32,30,29,False,0,False,True
ORD-11314,2025-08-12,Supplier B (China),Express Courier,Electronics,5752.91,30,30,False,0,False,True
ORD-11315,2025-07-28,Supplier C (USA),Express Courier,Industrial Components,2921.81,14,16,True,2,False,False
ORD-11316,2025-04-25,Supplier A (Germany),Ocean Cargo,Heavy Machinery,3598.67,7,7,False,0,False,True
ORD-11317,2025-07-28,Supplier E (Vietnam),Air Freight,Raw Materials,6301.88,21,23,True,2,False,False
ORD-11318,2025-01-14,Supplier A (Germany),Air Freight,Heavy Machinery,16593.86,7,8,True,1,False,False
ORD-11319,2025-01-09,Supplier D (India),Air Freight,Industrial Components,5330.86,21,36,True,15,False,False
ORD-11320,2025-02-09,Supplier C (USA),Ocean Cargo,Heavy Machinery,2782.68,14,22,True,8,False,False
ORD-11321,2025-08-25,Supplier B (China),Express Courier,Electronics,3281.54,14,19,True,5,False,False
ORD-11322,2025-10-08,Supplier A (Germany),Express Courier,Industrial Components,8309.53,45,47,True,2,False,False
ORD-11323,2025-12-25,Supplier C (USA),Ocean Cargo,Heavy Machinery,1025.9,45,46,True,1,False,False
ORD-11324,2025-07-20,Supplier B (China),Express Courier,Electronics,2134.22,14,24,True,10,False,False
ORD-11325,2025-09-03,Supplier E (Vietnam),Rail Freight,Industrial Components,5826.18,14,17,True,3,False,False
ORD-11326,2025-10-05,Supplier B (China),Air Freight,Heavy Machinery,1254.72,21,20,False,0,False,True
ORD-11327,2025-08-23,Supplier E (Vietnam),Ocean Cargo,Electronics,3827.57,14,15,True,1,True,False
ORD-11328,2025-01-04,Supplier A (Germany),Rail Freight,Raw Materials,3352.25,7,5,False,0,False,True
ORD-11329,2025-06-03,Supplier D (India),Ocean Cargo,Electronics,9916.53,21,21,False,0,False,True
ORD-11330,2025-01-29,Supplier C (USA),Rail Freight,Raw Materials,4022.96,14,17,True,3,False,False
ORD-11331,2025-04-19,Supplier D (India),Rail Freight,Heavy Machinery,12699.95,21,22,True,1,False,False
ORD-11332,2025-04-08,Supplier A (Germany),Ocean Cargo,Electronics,5234.88,21,22,True,1,True,False
ORD-11333,2025-08-03,Supplier C (USA),Express Courier,Raw Materials,20356.61,30,32,True,2,False,False
ORD-11334,2025-10-20,Supplier B (China),Express Courier,Industrial Components,1619.72,45,45,False,0,False,True
ORD-11335,2025-03-16,Supplier D (India),Ocean Cargo,Electronics,17920.52,21,21,False,0,False,True
ORD-11336,2025-11-22,Supplier B (China),Ocean Cargo,Heavy Machinery,3537.23,21,23,True,2,False,False
ORD-11337,2025-05-26,Supplier D (India),Air Freight,Industrial Components,15981.06,30,35,True,5,False,False
ORD-11338,2025-05-08,Supplier A (Germany),Ocean Cargo,Raw Materials,12685.16,14,16,True,2,False,False
ORD-11339,2025-12-07,Supplier D (India),Ocean Cargo,Electronics,501.94,21,35,True,14,False,False
ORD-11340,2025-02-11,Supplier D (India),Air Freight,Electronics,7210.8,30,30,False,0,False,True
ORD-11341,2025-12-22,Supplier D (India),Air Freight,Heavy Machinery,10917.21,7,10,True,3,True,False
ORD-11342,2025-02-10,Supplier B (China),Air Freight,Industrial Components,14226.68,30,30,False,0,False,True
ORD-11343,2025-02-03,Supplier B (China),Express Courier,Electronics,1917.33,45,44,False,0,False,True
ORD-11344,2025-01-17,Supplier E (Vietnam),Rail Freight,Electronics,7881.51,45,63,True,18,False,False
ORD-11345,2025-06-14,Supplier A (Germany),Rail Freight,Industrial Components,5744.85,14,20,True,6,False,False
ORD-11346,2025-06-02,Supplier B (China),Ocean Cargo,Electronics,6940.49,14,13,False,0,False,True
ORD-11347,2025-03-17,Supplier C (USA),Express Courier,Industrial Components,10928.72,45,47,True,2,False,False
ORD-11348,2025-03-28,Supplier D (India),Express Courier,Industrial Components,12398.96,45,51,True,6,False,False
ORD-11349,2025-04-27,Supplier A (Germany),Ocean Cargo,Industrial Components,2908.54,21,31,True,10,False,False
ORD-11350,2025-12-28,Supplier C (USA),Ocean Cargo,Heavy Machinery,6077.42,45,43,False,0,False,True
ORD-11351,2025-12-08,Supplier D (India),Air Freight,Industrial Components,5079.2,14,12,False,0,False,True
ORD-11352,2025-01-27,Supplier A (Germany),Rail Freight,Industrial Components,4058.29,45,45,False,0,False,True
ORD-11353,2025-11-09,Supplier E (Vietnam),Ocean Cargo,Raw Materials,4380.77,14,15,True,1,False,False
ORD-11354,2025-10-14,Supplier A (Germany),Ocean Cargo,Raw Materials,5749.05,7,8,True,1,False,False
ORD-11355,2025-05-14,Supplier B (China),Ocean Cargo,Heavy Machinery,3036.36,45,45,False,0,False,True
ORD-11356,2025-08-07,Supplier A (Germany),Ocean Cargo,Industrial Components,9960.97,14,15,True,1,False,False
ORD-11357,2025-06-17,Supplier A (Germany),Air Freight,Raw Materials,13567.69,30,28,False,0,False,True
ORD-11358,2025-04-08,Supplier E (Vietnam),Ocean Cargo,Raw Materials,2549.21,21,28,True,7,False,False
ORD-11359,2025-09-25,Supplier B (China),Air Freight,Electronics,14110.35,14,19,True,5,False,False
ORD-11360,2025-08-25,Supplier B (China),Express Courier,Industrial Components,2553.05,45,48,True,3,False,False
ORD-11361,2025-11-05,Supplier A (Germany),Ocean Cargo,Raw Materials,10079.2,45,48,True,3,False,False
ORD-11362,2025-06-22,Supplier C (USA),Ocean Cargo,Heavy Machinery,14089.47,7,11,True,4,False,False
ORD-11363,2025-07-09,Supplier C (USA),Ocean Cargo,Electronics,4556.87,30,32,True,2,False,False
ORD-11364,2025-05-02,Supplier B (China),Ocean Cargo,Electronics,2569.85,14,20,True,6,False,False
ORD-11365,2025-02-15,Supplier B (China),Ocean Cargo,Industrial Components,3068.84,30,34,True,4,True,False
ORD-11366,2025-03-05,Supplier D (India),Ocean Cargo,Industrial Components,6564.85,7,11,True,4,False,False
ORD-11367,2025-05-10,Supplier B (China),Express Courier,Electronics,23664.32,21,24,True,3,False,False
ORD-11368,2025-11-06,Supplier B (China),Express Courier,Heavy Machinery,1268.78,30,38,True,8,False,False
ORD-11369,2025-12-29,Supplier B (China),Express Courier,Industrial Components,5325.14,7,5,False,0,False,True
ORD-11370,2025-07-12,Supplier D (India),Air Freight,Industrial Components,4580.4,14,14,False,0,False,True
ORD-11371,2025-11-03,Supplier B (China),Ocean Cargo,Electronics,3411.07,21,26,True,5,False,False
ORD-11372,2025-06-30,Supplier B (China),Rail Freight,Electronics,4607.19,45,43,False,0,False,True
ORD-11373,2025-10-19,Supplier B (China),Ocean Cargo,Industrial Components,3185.11,7,7,False,0,False,True
ORD-11374,2025-10-09,Supplier E (Vietnam),Air Freight,Raw Materials,13286.77,45,46,True,1,False,False
ORD-11375,2025-01-29,Supplier B (China),Ocean Cargo,Industrial Components,14385.77,21,20,False,0,False,True
ORD-11376,2025-05-29,Supplier D (India),Air Freight,Raw Materials,5273.81,7,15,True,8,False,False
ORD-11377,2025-09-24,Supplier B (China),Air Freight,Electronics,4390.0,7,9,True,2,False,False
ORD-11378,2025-10-23,Supplier A (Germany),Rail Freight,Raw Materials,3312.87,21,24,True,3,False,False
ORD-11379,2025-01-11,Supplier D (India),Ocean Cargo,Heavy Machinery,5282.87,14,14,False,0,False,True
ORD-11380,2025-06-13,Supplier B (China),Air Freight,Electronics,21552.88,7,5,False,0,False,True
ORD-11381,2025-04-23,Supplier D (India),Rail Freight,Industrial Components,4523.37,21,25,True,4,False,False
ORD-11382,2025-07-06,Supplier E (Vietnam),Rail Freight,Industrial Components,2511.04,30,30,False,0,False,True
ORD-11383,2025-10-22,Supplier D (India),Ocean Cargo,Electronics,3575.25,45,52,True,7,False,False
ORD-11384,2025-08-20,Supplier A (Germany),Air Freight,Electronics,8980.19,7,7,False,0,False,True
ORD-11385,2025-08-15,Supplier D (India),Express Courier,Heavy Machinery,2767.81,30,31,True,1,False,False
ORD-11386,2025-11-06,Supplier B (China),Express Courier,Electronics,4784.01,7,6,False,0,False,True
ORD-11387,2025-04-08,Supplier D (India),Ocean Cargo,Industrial Components,7174.63,14,17,True,3,False,False
ORD-11388,2025-02-24,Supplier C (USA),Express Courier,Heavy Machinery,2941.01,21,22,True,1,False,False
ORD-11389,2025-04-21,Supplier D (India),Ocean Cargo,Industrial Components,1198.08,7,8,True,1,False,False
ORD-11390,2025-06-01,Supplier B (China),Air Freight,Raw Materials,2085.77,21,23,True,2,False,False
ORD-11391,2025-09-03,Supplier B (China),Ocean Cargo,Electronics,2472.5,7,11,True,4,False,False
ORD-11392,2025-03-10,Supplier A (Germany),Ocean Cargo,Raw Materials,4092.61,14,18,True,4,False,False
ORD-11393,2025-11-08,Supplier D (India),Express Courier,Industrial Components,5092.07,14,17,True,3,False,False
ORD-11394,2025-10-16,Supplier B (China),Ocean Cargo,Raw Materials,9499.18,30,35,True,5,False,False
ORD-11395,2025-09-07,Supplier B (China),Air Freight,Raw Materials,1841.24,14,19,True,5,False,False
ORD-11396,2025-02-05,Supplier D (India),Ocean Cargo,Industrial Components,8455.98,21,24,True,3,False,False
ORD-11397,2025-08-27,Supplier C (USA),Ocean Cargo,Industrial Components,3652.84,14,19,True,5,False,False
ORD-11398,2025-05-28,Supplier A (Germany),Ocean Cargo,Electronics,1177.99,7,8,True,1,False,False
ORD-11399,2025-08-15,Supplier C (USA),Ocean Cargo,Raw Materials,4968.43,14,21,True,7,False,False
ORD-11400,2025-09-01,Supplier B (China),Ocean Cargo,Heavy Machinery,14087.09,21,20,False,0,False,True
ORD-11401,2025-12-03,Supplier B (China),Express Courier,Heavy Machinery,9961.59,7,13,True,6,False,False
ORD-11402,2025-12-31,Supplier A (Germany),Air Freight,Industrial Components,4623.85,30,29,False,0,False,True
ORD-11403,2025-07-20,Supplier A (Germany),Ocean Cargo,Industrial Components,12095.84,30,31,True,1,False,False
ORD-11404,2025-06-03,Supplier B (China),Express Courier,Raw Materials,5731.76,30,33,True,3,False,False
ORD-11405,2025-03-14,Supplier D (India),Ocean Cargo,Industrial Components,10774.65,7,9,True,2,False,False
ORD-11406,2025-07-20,Supplier A (Germany),Ocean Cargo,Heavy Machinery,1300.78,30,34,True,4,False,False
ORD-11407,2025-10-23,Supplier B (China),Rail Freight,Electronics,1808.52,14,16,True,2,False,False
ORD-11408,2025-01-17,Supplier E (Vietnam),Air Freight,Electronics,8806.35,7,6,False,0,False,True
ORD-11409,2025-05-09,Supplier A (Germany),Air Freight,Raw Materials,16838.55,7,11,True,4,False,False
ORD-11410,2025-08-05,Supplier B (China),Ocean Cargo,Electronics,6862.57,7,11,True,4,False,False
ORD-11411,2025-03-02,Supplier D (India),Air Freight,Industrial Components,3301.49,45,46,True,1,False,False
ORD-11412,2025-04-14,Supplier E (Vietnam),Rail Freight,Industrial Components,2488.88,21,20,False,0,False,True
ORD-11413,2025-02-11,Supplier D (India),Air Freight,Industrial Components,3819.02,45,51,True,6,False,False
ORD-11414,2025-01-25,Supplier D (India),Express Courier,Industrial Components,12976.69,45,50,True,5,False,False
ORD-11415,2025-02-08,Supplier D (India),Express Courier,Raw Materials,3736.78,45,46,True,1,False,False
ORD-11416,2025-10-18,Supplier B (China),Air Freight,Electronics,11364.04,21,24,True,3,False,False
ORD-11417,2025-05-11,Supplier D (India),Ocean Cargo,Heavy Machinery,8283.81,45,46,True,1,False,False
ORD-11418,2025-08-17,Supplier A (Germany),Air Freight,Electronics,19363.41,30,33,True,3,False,False
ORD-11419,2025-04-18,Supplier E (Vietnam),Ocean Cargo,Industrial Components,5768.74,7,8,True,1,False,False
ORD-11420,2025-06-21,Supplier B (China),Air Freight,Heavy Machinery,4723.58,7,10,True,3,False,False
ORD-11421,2025-04-12,Supplier C (USA),Rail Freight,Raw Materials,11826.97,14,18,True,4,False,False
ORD-11422,2025-12-20,Supplier B (China),Rail Freight,Industrial Components,2325.73,30,28,False,0,False,True
ORD-11423,2025-01-12,Supplier D (India),Air Freight,Industrial Components,3445.37,21,23,True,2,False,False
ORD-11424,2025-10-02,Supplier A (Germany),Air Freight,Heavy Machinery,1281.77,7,7,False,0,False,True
ORD-11425,2025-04-11,Supplier D (India),Express Courier,Raw Materials,1801.8,45,43,False,0,False,True
ORD-11426,2025-02-13,Supplier D (India),Air Freight,Heavy Machinery,22895.54,14,13,False,0,False,True
ORD-11427,2025-11-01,Supplier A (Germany),Express Courier,Raw Materials,8551.41,14,12,False,0,True,False
ORD-11428,2025-01-17,Supplier D (India),Ocean Cargo,Industrial Components,1641.62,7,7,False,0,False,True
ORD-11429,2025-11-26,Supplier D (India),Ocean Cargo,Electronics,12782.89,30,31,True,1,False,False
ORD-11430,2025-02-26,Supplier C (USA),Express Courier,Industrial Components,2799.07,14,14,False,0,False,True
ORD-11431,2025-11-07,Supplier B (China),Ocean Cargo,Electronics,8207.15,7,9,True,2,False,False
ORD-11432,2025-10-30,Supplier B (China),Rail Freight,Electronics,8109.66,30,37,True,7,False,False
ORD-11433,2025-01-12,Supplier A (Germany),Rail Freight,Raw Materials,18620.02,7,10,True,3,False,False
ORD-11434,2025-11-14,Supplier B (China),Air Freight,Heavy Machinery,3196.51,7,7,False,0,False,True
ORD-11435,2025-03-21,Supplier E (Vietnam),Air Freight,Raw Materials,2718.45,30,34,True,4,False,False
ORD-11436,2025-08-04,Supplier A (Germany),Rail Freight,Industrial Components,571.79,30,30,False,0,False,True
ORD-11437,2025-12-05,Supplier D (India),Rail Freight,Heavy Machinery,4458.56,30,29,False,0,False,True
ORD-11438,2025-09-21,Supplier B (China),Air Freight,Electronics,8780.28,7,5,False,0,False,True
ORD-11439,2025-05-29,Supplier B (China),Express Courier,Electronics,9794.53,14,15,True,1,False,False
ORD-11440,2025-03-22,Supplier D (India),Ocean Cargo,Industrial Components,13385.4,21,26,True,5,False,False
ORD-11441,2025-08-03,Supplier D (India),Air Freight,Heavy Machinery,6197.15,21,20,False,0,False,True
ORD-11442,2025-07-17,Supplier B (China),Express Courier,Industrial Components,7360.07,7,5,False,0,False,True
ORD-11443,2025-07-19,Supplier B (China),Air Freight,Industrial Components,5190.04,7,7,False,0,False,True
ORD-11444,2025-01-25,Supplier B (China),Rail Freight,Raw Materials,8655.62,14,15,True,1,False,False
ORD-11445,2025-03-30,Supplier A (Germany),Air Freight,Industrial Components,2327.63,30,36,True,6,False,False
ORD-11446,2025-09-25,Supplier B (China),Ocean Cargo,Heavy Machinery,1592.77,7,11,True,4,False,False
ORD-11447,2025-05-23,Supplier B (China),Air Freight,Industrial Components,2532.62,45,43,False,0,False,True
ORD-11448,2025-02-28,Supplier B (China),Ocean Cargo,Heavy Machinery,5830.74,30,31,True,1,False,False
ORD-11449,2025-12-31,Supplier D (India),Ocean Cargo,Electronics,1736.56,7,6,False,0,False,True
ORD-11450,2025-01-26,Supplier B (China),Air Freight,Industrial Components,2961.36,45,47,True,2,False,False
ORD-11451,2025-02-16,Supplier B (China),Ocean Cargo,Heavy Machinery,3038.03,14,14,False,0,False,True
ORD-11452,2025-10-15,Supplier B (China),Ocean Cargo,Electronics,9186.19,45,49,True,4,False,False
ORD-11453,2025-09-23,Supplier D (India),Air Freight,Heavy Machinery,8333.81,7,25,True,18,False,False
ORD-11454,2025-01-16,Supplier D (India),Express Courier,Electronics,5199.87,21,21,False,0,False,True
ORD-11455,2025-07-18,Supplier B (China),Ocean Cargo,Raw Materials,7050.49,7,10,True,3,False,False
ORD-11456,2025-10-09,Supplier D (India),Ocean Cargo,Industrial Components,7162.63,21,24,True,3,False,False
ORD-11457,2025-03-27,Supplier B (China),Ocean Cargo,Industrial Components,3674.25,14,14,False,0,False,True
ORD-11458,2025-09-07,Supplier B (China),Ocean Cargo,Electronics,3184.34,14,16,True,2,False,False
ORD-11459,2025-09-27,Supplier B (China),Air Freight,Raw Materials,16803.61,30,33,True,3,False,False
ORD-11460,2025-12-01,Supplier B (China),Ocean Cargo,Heavy Machinery,670.95,30,32,True,2,False,False
ORD-11461,2025-04-27,Supplier D (India),Ocean Cargo,Raw Materials,2716.11,21,22,True,1,False,False
ORD-11462,2025-01-07,Supplier D (India),Express Courier,Heavy Machinery,4175.44,21,21,False,0,False,True
ORD-11463,2025-05-17,Supplier A (Germany),Express Courier,Heavy Machinery,7692.19,14,16,True,2,False,False
ORD-11464,2025-06-25,Supplier C (USA),Ocean Cargo,Industrial Components,12190.41,45,45,False,0,False,True
ORD-11465,2025-11-24,Supplier C (USA),Air Freight,Electronics,21706.9,21,24,True,3,False,False
ORD-11466,2025-11-11,Supplier A (Germany),Air Freight,Industrial Components,4567.09,21,21,False,0,False,True
ORD-11467,2025-08-03,Supplier A (Germany),Air Freight,Industrial Components,4818.47,45,48,True,3,False,False
ORD-11468,2025-03-23,Supplier B (China),Air Freight,Industrial Components,6568.81,30,31,True,1,False,False
ORD-11469,2025-08-11,Supplier A (Germany),Ocean Cargo,Heavy Machinery,3213.46,30,30,False,0,False,True
ORD-11470,2025-04-13,Supplier A (Germany),Air Freight,Industrial Components,1905.71,21,29,True,8,False,False
ORD-11471,2025-09-30,Supplier B (China),Air Freight,Heavy Machinery,4550.53,30,31,True,1,False,False
ORD-11472,2025-01-14,Supplier B (China),Air Freight,Electronics,8922.2,30,31,True,1,False,False
ORD-11473,2025-06-08,Supplier D (India),Air Freight,Heavy Machinery,4046.72,30,30,False,0,False,True
ORD-11474,2025-06-01,Supplier C (USA),Air Freight,Heavy Machinery,6841.4,14,14,False,0,False,True
ORD-11475,2025-04-18,Supplier E (Vietnam),Air Freight,Raw Materials,1102.07,7,9,True,2,False,False
ORD-11476,2025-07-07,Supplier B (China),Ocean Cargo,Industrial Components,4987.67,21,22,True,1,False,False
ORD-11477,2025-10-28,Supplier D (India),Ocean Cargo,Industrial Components,3559.03,21,30,True,9,True,False
ORD-11478,2025-04-08,Supplier D (India),Air Freight,Industrial Components,1772.07,14,13,False,0,False,True
ORD-11479,2025-05-11,Supplier C (USA),Ocean Cargo,Industrial Components,8314.61,7,10,True,3,False,False
ORD-11480,2025-10-20,Supplier B (China),Ocean Cargo,Raw Materials,21515.23,7,10,True,3,False,False
ORD-11481,2025-06-20,Supplier D (India),Air Freight,Raw Materials,10850.51,14,23,True,9,False,False
ORD-11482,2025-07-02,Supplier A (Germany),Air Freight,Raw Materials,11418.6,45,43,False,0,False,True
ORD-11483,2025-12-30,Supplier B (China),Ocean Cargo,Raw Materials,8690.46,45,57,True,12,False,False
ORD-11484,2025-02-08,Supplier B (China),Ocean Cargo,Industrial Components,8243.34,7,7,False,0,False,True
ORD-11485,2025-01-15,Supplier C (USA),Air Freight,Heavy Machinery,1164.97,45,46,True,1,False,False
ORD-11486,2025-01-04,Supplier A (Germany),Air Freight,Electronics,4436.58,45,49,True,4,False,False
ORD-11487,2025-12-15,Supplier E (Vietnam),Express Courier,Raw Materials,7383.0,45,48,True,3,True,False
ORD-11488,2025-07-29,Supplier C (USA),Air Freight,Heavy Machinery,7518.51,7,7,False,0,False,True
ORD-11489,2025-06-10,Supplier B (China),Air Freight,Raw Materials,13593.74,45,43,False,0,False,True
ORD-11490,2025-01-16,Supplier E (Vietnam),Express Courier,Industrial Components,2151.85,21,29,True,8,False,False
ORD-11491,2025-04-18,Supplier B (China),Express Courier,Industrial Components,7988.97,7,14,True,7,False,False
ORD-11492,2025-11-07,Supplier E (Vietnam),Ocean Cargo,Heavy Machinery,2096.38,14,16,True,2,False,False
ORD-11493,2025-08-15,Supplier B (China),Ocean Cargo,Heavy Machinery,4149.07,45,43,False,0,False,True
ORD-11494,2025-06-19,Supplier A (Germany),Air Freight,Heavy Machinery,4677.08,30,33,True,3,False,False
ORD-11495,2025-02-03,Supplier D (India),Air Freight,Industrial Components,9799.21,7,6,False,0,False,True
ORD-11496,2025-09-08,Supplier C (USA),Ocean Cargo,Industrial Components,8919.21,14,14,False,0,False,True
ORD-11497,2025-09-04,Supplier D (India),Air Freight,Electronics,5411.41,21,21,False,0,False,True
ORD-11498,2025-09-26,Supplier E (Vietnam),Ocean Cargo,Heavy Machinery,878.64,14,16,True,2,False,False
ORD-11499,2025-05-21,Supplier D (India),Rail Freight,Electronics,7015.43,45,43,False,0,False,True
ORD-11500,2025-10-01,Supplier C (USA),Rail Freight,Raw Materials,3967.37,30,33,True,3,False,False
ORD-11501,2025-04-06,Supplier D (India),Air Freight,Electronics,14964.63,45,45,False,0,False,True
ORD-11502,2025-08-15,Supplier C (USA),Ocean Cargo,Raw Materials,12367.1,14,31,True,17,False,False
ORD-11503,2025-02-08,Supplier B (China),Ocean Cargo,Raw Materials,2320.6,7,5,False,0,False,True
ORD-11504,2025-10-29,Supplier D (India),Express Courier,Electronics,7830.17,30,31,True,1,True,False
ORD-11505,2025-01-29,Supplier A (Germany),Air Freight,Heavy Machinery,7954.78,30,33,True,3,False,False
ORD-11506,2025-11-14,Supplier D (India),Air Freight,Raw Materials,7505.17,14,12,False,0,True,False
ORD-11507,2025-09-02,Supplier D (India),Air Freight,Heavy Machinery,6766.0,45,47,True,2,False,False
ORD-11508,2025-08-24,Supplier D (India),Ocean Cargo,Industrial Components,8136.57,14,19,True,5,False,False
ORD-11509,2025-07-04,Supplier C (USA),Ocean Cargo,Raw Materials,16337.01,30,29,False,0,False,True
ORD-11510,2025-09-29,Supplier D (India),Express Courier,Industrial Components,3161.8,14,17,True,3,False,False
ORD-11511,2025-08-24,Supplier B (China),Ocean Cargo,Electronics,2381.18,30,35,True,5,False,False
ORD-11512,2025-08-27,Supplier D (India),Air Freight,Heavy Machinery,9192.77,45,45,False,0,False,True
ORD-11513,2025-09-23,Supplier A (Germany),Ocean Cargo,Electronics,1089.32,7,10,True,3,False,False
ORD-11514,2025-12-25,Supplier A (Germany),Air Freight,Raw Materials,8293.43,7,15,True,8,False,False
ORD-11515,2025-12-06,Supplier B (China),Express Courier,Industrial Components,7197.95,14,14,False,0,False,True
ORD-11516,2025-03-06,Supplier B (China),Rail Freight,Raw Materials,752.65,30,32,True,2,False,False
ORD-11517,2025-06-26,Supplier B (China),Rail Freight,Electronics,2954.04,7,16,True,9,False,False
ORD-11518,2025-01-03,Supplier D (India),Express Courier,Heavy Machinery,17340.15,30,30,False,0,False,True
ORD-11519,2025-05-22,Supplier B (China),Air Freight,Heavy Machinery,1531.89,45,45,False,0,False,True
ORD-11520,2025-06-07,Supplier B (China),Air Freight,Raw Materials,5825.93,14,28,True,14,False,False
ORD-11521,2025-11-20,Supplier A (Germany),Ocean Cargo,Raw Materials,2199.7,30,29,False,0,False,True
ORD-11522,2025-05-26,Supplier B (China),Rail Freight,Industrial Components,2787.34,14,14,False,0,False,True
ORD-11523,2025-10-20,Supplier C (USA),Air Freight,Electronics,22766.72,30,37,True,7,False,False
ORD-11524,2025-06-02,Supplier A (Germany),Air Freight,Raw Materials,5424.9,30,37,True,7,False,False
ORD-11525,2025-07-12,Supplier B (China),Express Courier,Industrial Components,7432.08,45,47,True,2,False,False
ORD-11526,2025-03-14,Supplier A (Germany),Air Freight,Raw Materials,4491.89,14,17,True,3,False,False
ORD-11527,2025-11-01,Supplier A (Germany),Ocean Cargo,Heavy Machinery,1462.49,21,19,False,0,False,True
ORD-11528,2025-12-10,Supplier B (China),Ocean Cargo,Industrial Components,1904.67,30,35,True,5,False,False
ORD-11529,2025-05-20,Supplier A (Germany),Air Freight,Industrial Components,12616.29,30,31,True,1,False,False
ORD-11530,2025-07-06,Supplier D (India),Air Freight,Raw Materials,5554.22,7,7,False,0,False,True
ORD-11531,2025-10-20,Supplier D (India),Express Courier,Electronics,2653.86,14,13,False,0,False,True
ORD-11532,2025-03-02,Supplier B (China),Ocean Cargo,Heavy Machinery,4828.83,21,19,False,0,False,True
ORD-11533,2025-07-17,Supplier E (Vietnam),Rail Freight,Electronics,8343.84,45,53,True,8,False,False
ORD-11534,2025-10-22,Supplier B (China),Ocean Cargo,Industrial Components,7069.83,21,32,True,11,False,False
ORD-11535,2025-11-15,Supplier B (China),Air Freight,Electronics,2654.92,45,52,True,7,False,False
ORD-11536,2025-10-29,Supplier E (Vietnam),Express Courier,Industrial Components,1393.76,21,24,True,3,False,False
ORD-11537,2025-12-10,Supplier A (Germany),Ocean Cargo,Electronics,3548.79,21,20,False,0,False,True
ORD-11538,2025-01-11,Supplier E (Vietnam),Air Freight,Raw Materials,11935.1,14,19,True,5,False,False
ORD-11539,2025-03-03,Supplier A (Germany),Express Courier,Electronics,9735.18,7,12,True,5,False,False
ORD-11540,2025-11-29,Supplier B (China),Air Freight,Industrial Components,6824.83,21,21,False,0,False,True
ORD-11541,2025-08-14,Supplier A (Germany),Air Freight,Heavy Machinery,4286.8,30,30,False,0,False,True
ORD-11542,2025-06-02,Supplier D (India),Air Freight,Heavy Machinery,3250.63,30,39,True,9,False,False
ORD-11543,2025-07-18,Supplier C (USA),Ocean Cargo,Heavy Machinery,4350.9,30,32,True,2,False,False
ORD-11544,2025-02-21,Supplier D (India),Ocean Cargo,Industrial Components,9185.83,7,9,True,2,False,False
ORD-11545,2025-09-17,Supplier B (China),Ocean Cargo,Electronics,11027.56,21,21,False,0,True,False
ORD-11546,2025-02-28,Supplier B (China),Express Courier,Heavy Machinery,3986.11,45,49,True,4,False,False
ORD-11547,2025-03-13,Supplier A (Germany),Rail Freight,Heavy Machinery,37383.51,45,46,True,1,False,False
ORD-11548,2025-05-28,Supplier B (China),Air Freight,Heavy Machinery,5291.85,14,20,True,6,False,False
ORD-11549,2025-12-15,Supplier E (Vietnam),Air Freight,Raw Materials,3723.56,7,8,True,1,False,False
ORD-11550,2025-03-04,Supplier B (China),Air Freight,Industrial Components,16003.07,21,22,True,1,False,False
ORD-11551,2025-11-06,Supplier D (India),Air Freight,Industrial Components,962.34,30,32,True,2,False,False
ORD-11552,2025-08-31,Supplier D (India),Ocean Cargo,Industrial Components,7215.79,7,12,True,5,False,False
ORD-11553,2025-11-26,Supplier B (China),Express Courier,Industrial Components,4636.71,7,19,True,12,False,False
ORD-11554,2025-04-17,Supplier C (USA),Express Courier,Industrial Components,15655.03,21,27,True,6,False,False
ORD-11555,2025-08-14,Supplier A (Germany),Air Freight,Raw Materials,7973.98,14,14,False,0,False,True
ORD-11556,2025-11-09,Supplier A (Germany),Ocean Cargo,Electronics,5493.29,14,12,False,0,True,False
ORD-11557,2025-08-06,Supplier A (Germany),Ocean Cargo,Raw Materials,8350.75,14,14,False,0,False,True
ORD-11558,2025-08-29,Supplier C (USA),Air Freight,Heavy Machinery,2112.3,30,28,False,0,False,True
ORD-11559,2025-09-16,Supplier B (China),Ocean Cargo,Raw Materials,10651.5,30,28,False,0,False,True
ORD-11560,2025-09-19,Supplier B (China),Rail Freight,Industrial Components,1676.28,21,27,True,6,True,False
ORD-11561,2025-01-05,Supplier B (China),Ocean Cargo,Raw Materials,6547.23,14,13,False,0,False,True
ORD-11562,2025-09-18,Supplier B (China),Express Courier,Industrial Components,5056.81,21,19,False,0,False,True
ORD-11563,2025-02-23,Supplier C (USA),Ocean Cargo,Raw Materials,1199.38,14,15,True,1,False,False
ORD-11564,2025-02-16,Supplier D (India),Air Freight,Industrial Components,5193.45,7,9,True,2,False,False
ORD-11565,2025-08-03,Supplier A (Germany),Ocean Cargo,Heavy Machinery,6158.51,45,47,True,2,False,False
ORD-11566,2025-06-26,Supplier A (Germany),Air Freight,Industrial Components,2910.56,45,46,True,1,False,False
ORD-11567,2025-01-09,Supplier D (India),Air Freight,Raw Materials,2186.51,14,17,True,3,False,False
ORD-11568,2025-04-09,Supplier B (China),Ocean Cargo,Heavy Machinery,7286.23,21,23,True,2,True,False
ORD-11569,2025-01-20,Supplier C (USA),Express Courier,Raw Materials,6567.26,30,32,True,2,False,False
ORD-11570,2025-08-29,Supplier B (China),Ocean Cargo,Heavy Machinery,5892.62,14,16,True,2,False,False
ORD-11571,2025-03-02,Supplier B (China),Ocean Cargo,Electronics,4949.66,14,14,False,0,False,True
ORD-11572,2025-06-27,Supplier A (Germany),Express Courier,Electronics,3123.63,30,33,True,3,False,False
ORD-11573,2025-12-04,Supplier B (China),Express Courier,Electronics,30264.94,14,15,True,1,False,False
ORD-11574,2025-03-03,Supplier C (USA),Express Courier,Raw Materials,3871.26,7,5,False,0,False,True
ORD-11575,2025-05-25,Supplier B (China),Air Freight,Raw Materials,2459.98,30,31,True,1,False,False
ORD-11576,2025-08-04,Supplier D (India),Rail Freight,Heavy Machinery,5133.49,7,5,False,0,False,True
ORD-11577,2025-01-03,Supplier D (India),Air Freight,Heavy Machinery,4252.44,45,47,True,2,False,False
ORD-11578,2025-06-09,Supplier B (China),Ocean Cargo,Heavy Machinery,3800.13,30,30,False,0,False,True
ORD-11579,2025-08-15,Supplier D (India),Air Freight,Heavy Machinery,22013.71,30,32,True,2,False,False
ORD-11580,2025-09-26,Supplier B (China),Ocean Cargo,Industrial Components,1990.62,21,21,False,0,False,True
ORD-11581,2025-04-30,Supplier B (China),Air Freight,Electronics,5064.19,21,24,True,3,False,False
ORD-11582,2025-03-30,Supplier D (India),Ocean Cargo,Industrial Components,2100.35,30,30,False,0,False,True
ORD-11583,2025-11-25,Supplier B (China),Ocean Cargo,Industrial Components,3188.1,45,47,True,2,False,False
ORD-11584,2025-03-09,Supplier C (USA),Air Freight,Industrial Components,19710.22,14,17,True,3,False,False
ORD-11585,2025-12-23,Supplier A (Germany),Ocean Cargo,Industrial Components,6155.84,21,19,False,0,False,True
ORD-11586,2025-04-08,Supplier C (USA),Express Courier,Electronics,6096.66,45,47,True,2,False,False
ORD-11587,2025-09-24,Supplier D (India),Rail Freight,Industrial Components,2317.9,45,43,False,0,False,True
ORD-11588,2025-04-15,Supplier D (India),Air Freight,Heavy Machinery,3499.25,21,23,True,2,False,False
ORD-11589,2025-11-19,Supplier D (India),Express Courier,Raw Materials,21131.02,14,14,False,0,False,True
ORD-11590,2025-05-03,Supplier D (India),Ocean Cargo,Heavy Machinery,7328.23,21,20,False,0,False,True
ORD-11591,2025-01-29,Supplier C (USA),Ocean Cargo,Raw Materials,3745.19,45,43,False,0,False,True
ORD-11592,2025-05-17,Supplier C (USA),Air Freight,Heavy Machinery,6991.75,7,5,False,0,False,True
ORD-11593,2025-07-14,Supplier A (Germany),Ocean Cargo,Heavy Machinery,6088.34,21,22,True,1,True,False
ORD-11594,2025-08-14,Supplier B (China),Rail Freight,Raw Materials,2511.03,45,47,True,2,False,False
ORD-11595,2025-11-28,Supplier B (China),Ocean Cargo,Electronics,3659.03,21,22,True,1,False,False
ORD-11596,2025-06-19,Supplier E (Vietnam),Ocean Cargo,Industrial Components,29840.71,45,45,False,0,False,True
ORD-11597,2025-01-09,Supplier B (China),Ocean Cargo,Heavy Machinery,6725.1,14,20,True,6,False,False
ORD-11598,2025-02-09,Supplier B (China),Air Freight,Electronics,1400.75,45,50,True,5,False,False
ORD-11599,2025-01-25,Supplier B (China),Express Courier,Industrial Components,7392.11,30,32,True,2,False,False
ORD-11600,2025-09-18,Supplier C (USA),Express Courier,Electronics,13939.34,7,23,True,16,False,False
ORD-11601,2025-08-14,Supplier D (India),Air Freight,Electronics,2383.91,45,48,True,3,False,False
ORD-11602,2025-05-04,Supplier A (Germany),Express Courier,Industrial Components,3410.2,21,19,False,0,False,True
ORD-11603,2025-02-07,Supplier B (China),Air Freight,Heavy Machinery,15725.15,21,27,True,6,False,False
ORD-11604,2025-11-24,Supplier D (India),Rail Freight,Electronics,5053.97,45,50,True,5,False,False
ORD-11605,2025-09-08,Supplier B (China),Ocean Cargo,Heavy Machinery,4383.91,30,35,True,5,False,False
ORD-11606,2025-06-25,Supplier B (China),Air Freight,Heavy Machinery,1687.75,45,44,False,0,False,True
ORD-11607,2025-03-31,Supplier C (USA),Ocean Cargo,Heavy Machinery,11573.27,14,12,False,0,False,True
ORD-11608,2025-02-06,Supplier D (India),Ocean Cargo,Industrial Components,4226.9,30,37,True,7,False,False
ORD-11609,2025-11-12,Supplier A (Germany),Air Freight,Raw Materials,865.42,45,44,False,0,False,True
ORD-11610,2025-06-25,Supplier D (India),Ocean Cargo,Heavy Machinery,1396.73,7,6,False,0,True,False
ORD-11611,2025-10-11,Supplier D (India),Ocean Cargo,Raw Materials,3136.1,30,33,True,3,False,False
ORD-11612,2025-03-22,Supplier B (China),Express Courier,Raw Materials,2083.34,45,51,True,6,False,False
ORD-11613,2025-04-24,Supplier E (Vietnam),Air Freight,Electronics,2361.92,7,8,True,1,False,False
ORD-11614,2025-02-09,Supplier D (India),Ocean Cargo,Heavy Machinery,32071.91,45,44,False,0,False,True
ORD-11615,2025-10-28,Supplier D (India),Air Freight,Heavy Machinery,8656.09,14,14,False,0,False,True
ORD-11616,2025-08-12,Supplier D (India),Express Courier,Heavy Machinery,625.23,21,20,False,0,False,True
ORD-11617,2025-11-14,Supplier A (Germany),Air Freight,Raw Materials,3822.05,45,50,True,5,False,False
ORD-11618,2025-12-15,Supplier A (Germany),Rail Freight,Industrial Components,4575.2,30,30,False,0,False,True
ORD-11619,2025-04-25,Supplier B (China),Express Courier,Raw Materials,1507.87,45,49,True,4,False,False
ORD-11620,2025-07-05,Supplier B (China),Ocean Cargo,Heavy Machinery,7536.47,45,47,True,2,False,False
ORD-11621,2025-11-19,Supplier B (China),Ocean Cargo,Heavy Machinery,959.96,45,45,False,0,False,True
ORD-11622,2025-02-25,Supplier D (India),Air Freight,Heavy Machinery,11820.11,45,45,False,0,False,True
ORD-11623,2025-02-09,Supplier D (India),Air Freight,Raw Materials,15571.91,30,30,False,0,False,True
ORD-11624,2025-12-20,Supplier C (USA),Express Courier,Heavy Machinery,32275.64,30,29,False,0,False,True
ORD-11625,2025-02-09,Supplier D (India),Rail Freight,Electronics,1394.84,45,45,False,0,False,True
ORD-11626,2025-12-13,Supplier D (India),Air Freight,Heavy Machinery,1641.36,21,26,True,5,False,False
ORD-11627,2025-08-25,Supplier B (China),Ocean Cargo,Industrial Components,8553.86,45,45,False,0,True,False
ORD-11628,2025-10-16,Supplier A (Germany),Express Courier,Electronics,12659.26,30,33,True,3,False,False
ORD-11629,2025-09-19,Supplier B (China),Ocean Cargo,Heavy Machinery,9387.76,14,14,False,0,False,True
ORD-11630,2025-08-04,Supplier D (India),Air Freight,Electronics,11658.3,45,54,True,9,False,False
ORD-11631,2025-05-27,Supplier B (China),Air Freight,Heavy Machinery,14786.38,45,49,True,4,False,False
ORD-11632,2025-12-02,Supplier C (USA),Air Freight,Industrial Components,5777.93,45,45,False,0,False,True
ORD-11633,2025-06-17,Supplier A (Germany),Express Courier,Heavy Machinery,4146.25,45,51,True,6,False,False
ORD-11634,2025-04-02,Supplier D (India),Ocean Cargo,Electronics,1644.94,7,8,True,1,False,False
ORD-11635,2025-12-19,Supplier D (India),Ocean Cargo,Industrial Components,3871.96,45,44,False,0,False,True
ORD-11636,2025-02-28,Supplier D (India),Rail Freight,Raw Materials,4376.87,30,32,True,2,False,False
ORD-11637,2025-02-28,Supplier E (Vietnam),Ocean Cargo,Industrial Components,2299.05,30,32,True,2,False,False
ORD-11638,2025-10-31,Supplier D (India),Express Courier,Industrial Components,4766.75,7,15,True,8,False,False
ORD-11639,2025-06-18,Supplier E (Vietnam),Ocean Cargo,Industrial Components,2100.85,45,47,True,2,False,False
ORD-11640,2025-09-26,Supplier E (Vietnam),Air Freight,Electronics,11976.07,21,21,False,0,False,True
ORD-11641,2025-12-29,Supplier D (India),Rail Freight,Industrial Components,6909.55,45,55,True,10,False,False
ORD-11642,2025-02-14,Supplier C (USA),Ocean Cargo,Heavy Machinery,3402.67,30,29,False,0,False,True
ORD-11643,2025-12-11,Supplier A (Germany),Air Freight,Industrial Components,5716.27,14,18,True,4,False,False
ORD-11644,2025-06-30,Supplier B (China),Ocean Cargo,Industrial Components,2030.28,14,16,True,2,False,False
ORD-11645,2025-06-19,Supplier C (USA),Air Freight,Heavy Machinery,2201.83,21,21,False,0,False,True
ORD-11646,2025-12-22,Supplier B (China),Ocean Cargo,Heavy Machinery,2959.92,45,50,True,5,False,False
ORD-11647,2025-07-10,Supplier B (China),Express Courier,Raw Materials,4215.22,7,7,False,0,False,True
ORD-11648,2025-06-04,Supplier E (Vietnam),Rail Freight,Industrial Components,5502.52,45,45,False,0,False,True
ORD-11649,2025-07-07,Supplier D (India),Rail Freight,Electronics,5519.96,21,24,True,3,False,False
ORD-11650,2025-01-07,Supplier D (India),Air Freight,Industrial Components,1711.25,21,22,True,1,False,False
ORD-11651,2025-05-13,Supplier B (China),Ocean Cargo,Industrial Components,4607.39,21,19,False,0,False,True
ORD-11652,2025-08-23,Supplier A (Germany),Air Freight,Heavy Machinery,2554.36,14,16,True,2,False,False
ORD-11653,2025-02-14,Supplier A (Germany),Express Courier,Raw Materials,321.45,45,46,True,1,False,False
ORD-11654,2025-11-10,Supplier B (China),Ocean Cargo,Industrial Components,57553.4,45,46,True,1,False,False
ORD-11655,2025-09-06,Supplier A (Germany),Ocean Cargo,Electronics,2594.32,7,5,False,0,False,True
ORD-11656,2025-01-31,Supplier A (Germany),Express Courier,Industrial Components,2712.1,21,22,True,1,False,False
ORD-11657,2025-01-23,Supplier E (Vietnam),Ocean Cargo,Electronics,1673.8,21,25,True,4,False,False
ORD-11658,2025-06-09,Supplier D (India),Ocean Cargo,Heavy Machinery,2109.08,30,36,True,6,False,False
ORD-11659,2025-12-29,Supplier B (China),Rail Freight,Raw Materials,4226.22,30,28,False,0,False,True
ORD-11660,2025-06-07,Supplier A (Germany),Rail Freight,Industrial Components,14493.43,14,16,True,2,False,False
ORD-11661,2025-02-08,Supplier B (China),Air Freight,Raw Materials,4207.07,45,43,False,0,True,False
ORD-11662,2025-03-23,Supplier A (Germany),Ocean Cargo,Industrial Components,3793.9,7,7,False,0,False,True
ORD-11663,2025-12-22,Supplier E (Vietnam),Rail Freight,Electronics,12838.7,7,7,False,0,False,True
ORD-11664,2025-09-15,Supplier B (China),Air Freight,Raw Materials,3230.79,21,21,False,0,False,True
ORD-11665,2025-07-25,Supplier B (China),Ocean Cargo,Industrial Components,4998.63,7,5,False,0,False,True
ORD-11666,2025-03-18,Supplier B (China),Air Freight,Heavy Machinery,2351.35,21,21,False,0,False,True
ORD-11667,2025-01-12,Supplier A (Germany),Ocean Cargo,Electronics,18922.5,45,44,False,0,False,True
ORD-11668,2025-10-22,Supplier C (USA),Air Freight,Raw Materials,11370.85,7,7,False,0,False,True
ORD-11669,2025-08-12,Supplier D (India),Ocean Cargo,Industrial Components,4348.6,21,26,True,5,False,False
ORD-11670,2025-01-13,Supplier C (USA),Air Freight,Raw Materials,3570.44,45,47,True,2,False,False
ORD-11671,2025-02-15,Supplier A (Germany),Ocean Cargo,Industrial Components,4791.16,45,50,True,5,False,False
ORD-11672,2025-06-04,Supplier C (USA),Rail Freight,Electronics,4399.71,21,24,True,3,False,False
ORD-11673,2025-04-23,Supplier C (USA),Express Courier,Heavy Machinery,1425.88,21,26,True,5,False,False
ORD-11674,2025-08-21,Supplier D (India),Express Courier,Electronics,11685.85,14,12,False,0,False,True
ORD-11675,2025-01-17,Supplier B (China),Ocean Cargo,Raw Materials,4098.15,45,44,False,0,True,False
ORD-11676,2025-12-26,Supplier B (China),Air Freight,Raw Materials,22441.61,21,24,True,3,False,False
ORD-11677,2025-08-11,Supplier C (USA),Air Freight,Industrial Components,6887.43,45,48,True,3,False,False
ORD-11678,2025-12-20,Supplier C (USA),Rail Freight,Electronics,654.02,7,5,False,0,False,True
ORD-11679,2025-07-07,Supplier B (China),Ocean Cargo,Industrial Components,1762.87,30,30,False,0,False,True
ORD-11680,2025-12-10,Supplier B (China),Air Freight,Electronics,882.85,30,30,False,0,False,True
ORD-11681,2025-12-31,Supplier B (China),Express Courier,Raw Materials,1745.44,21,21,False,0,False,True
ORD-11682,2025-06-12,Supplier D (India),Air Freight,Industrial Components,1330.25,21,20,False,0,False,True
ORD-11683,2025-11-22,Supplier B (China),Air Freight,Industrial Components,6015.25,45,45,False,0,False,True
ORD-11684,2025-03-15,Supplier E (Vietnam),Rail Freight,Electronics,3816.66,21,23,True,2,False,False
ORD-11685,2025-08-21,Supplier B (China),Express Courier,Heavy Machinery,8887.77,45,48,True,3,False,False
ORD-11686,2025-08-12,Supplier E (Vietnam),Ocean Cargo,Electronics,4767.23,21,21,False,0,False,True
ORD-11687,2025-11-15,Supplier D (India),Rail Freight,Heavy Machinery,4055.19,45,44,False,0,False,True
ORD-11688,2025-03-01,Supplier B (China),Ocean Cargo,Electronics,24405.54,21,31,True,10,False,False
ORD-11689,2025-12-01,Supplier D (India),Express Courier,Raw Materials,5873.81,14,19,True,5,False,False
ORD-11690,2025-08-10,Supplier A (Germany),Air Freight,Industrial Components,4608.19,45,51,True,6,False,False
ORD-11691,2025-02-06,Supplier E (Vietnam),Air Freight,Electronics,2483.06,14,16,True,2,False,False
ORD-11692,2025-10-05,Supplier C (USA),Ocean Cargo,Raw Materials,1918.44,14,19,True,5,False,False
ORD-11693,2025-07-15,Supplier A (Germany),Express Courier,Electronics,9103.38,14,16,True,2,False,False
ORD-11694,2025-12-18,Supplier C (USA),Ocean Cargo,Industrial Components,8678.09,14,15,True,1,False,False
ORD-11695,2025-08-30,Supplier E (Vietnam),Air Freight,Electronics,17279.27,7,7,False,0,False,True
ORD-11696,2025-11-20,Supplier A (Germany),Air Freight,Heavy Machinery,7209.32,30,29,False,0,False,True
ORD-11697,2025-08-07,Supplier C (USA),Express Courier,Industrial Components,3588.6,7,7,False,0,False,True
ORD-11698,2025-07-11,Supplier D (India),Air Freight,Heavy Machinery,7396.84,21,21,False,0,False,True
ORD-11699,2025-01-17,Supplier D (India),Ocean Cargo,Raw Materials,4608.97,21,21,False,0,False,True
ORD-11700,2025-01-12,Supplier B (China),Air Freight,Raw Materials,9821.29,30,32,True,2,False,False
ORD-11701,2025-07-12,Supplier A (Germany),Air Freight,Electronics,14292.15,30,30,False,0,False,True
ORD-11702,2025-01-22,Supplier A (Germany),Ocean Cargo,Heavy Machinery,4294.78,30,31,True,1,False,False
ORD-11703,2025-04-30,Supplier C (USA),Ocean Cargo,Heavy Machinery,20047.26,14,17,True,3,False,False
ORD-11704,2025-07-29,Supplier B (China),Ocean Cargo,Industrial Components,12716.78,7,6,False,0,False,True
ORD-11705,2025-11-02,Supplier E (Vietnam),Air Freight,Heavy Machinery,4984.79,21,26,True,5,False,False
ORD-11706,2025-09-27,Supplier A (Germany),Express Courier,Heavy Machinery,8405.11,7,5,False,0,False,True
ORD-11707,2025-07-11,Supplier C (USA),Air Freight,Industrial Components,6275.43,7,6,False,0,False,True
ORD-11708,2025-06-24,Supplier A (Germany),Ocean Cargo,Industrial Components,5002.01,7,11,True,4,True,False
ORD-11709,2025-10-12,Supplier A (Germany),Rail Freight,Heavy Machinery,22708.99,30,38,True,8,False,False
ORD-11710,2025-07-23,Supplier B (China),Air Freight,Electronics,7435.96,30,36,True,6,False,False
ORD-11711,2025-06-13,Supplier B (China),Rail Freight,Industrial Components,2507.96,21,21,False,0,False,True
ORD-11712,2025-09-08,Supplier C (USA),Air Freight,Industrial Components,2159.48,21,23,True,2,False,False
ORD-11713,2025-08-15,Supplier E (Vietnam),Ocean Cargo,Heavy Machinery,2231.26,21,21,False,0,False,True
ORD-11714,2025-01-07,Supplier C (USA),Ocean Cargo,Heavy Machinery,7270.67,7,6,False,0,False,True
ORD-11715,2025-01-29,Supplier E (Vietnam),Rail Freight,Industrial Components,3739.81,30,37,True,7,False,False
ORD-11716,2025-02-02,Supplier D (India),Air Freight,Heavy Machinery,6416.54,14,12,False,0,False,True
ORD-11717,2025-05-14,Supplier C (USA),Ocean Cargo,Industrial Components,10395.38,7,9,True,2,False,False
ORD-11718,2025-03-20,Supplier D (India),Rail Freight,Electronics,24908.66,45,50,True,5,False,False
ORD-11719,2025-02-27,Supplier C (USA),Ocean Cargo,Electronics,3809.38,7,9,True,2,False,False
ORD-11720,2025-01-26,Supplier A (Germany),Ocean Cargo,Industrial Components,1592.66,30,28,False,0,False,True
ORD-11721,2025-08-14,Supplier D (India),Air Freight,Industrial Components,20618.04,45,47,True,2,False,False
ORD-11722,2025-10-12,Supplier A (Germany),Express Courier,Raw Materials,1531.98,7,10,True,3,False,False
ORD-11723,2025-01-04,Supplier C (USA),Air Freight,Raw Materials,1484.54,30,60,True,30,False,False
ORD-11724,2025-04-09,Supplier D (India),Air Freight,Heavy Machinery,20194.39,30,28,False,0,False,True
ORD-11725,2025-02-08,Supplier A (Germany),Ocean Cargo,Heavy Machinery,11533.2,14,15,True,1,False,False
ORD-11726,2025-09-28,Supplier A (Germany),Ocean Cargo,Industrial Components,7243.59,7,8,True,1,True,False
ORD-11727,2025-10-12,Supplier E (Vietnam),Rail Freight,Industrial Components,4722.36,30,29,False,0,False,True
ORD-11728,2025-06-06,Supplier C (USA),Rail Freight,Raw Materials,4058.78,21,19,False,0,False,True
ORD-11729,2025-03-16,Supplier A (Germany),Express Courier,Raw Materials,2920.0,30,33,True,3,False,False
ORD-11730,2025-10-15,Supplier C (USA),Express Courier,Industrial Components,3918.9,14,15,True,1,False,False
ORD-11731,2025-05-10,Supplier C (USA),Ocean Cargo,Electronics,4731.83,30,34,True,4,False,False
ORD-11732,2025-06-24,Supplier B (China),Air Freight,Electronics,1636.7,7,6,False,0,False,True
ORD-11733,2025-03-25,Supplier E (Vietnam),Express Courier,Heavy Machinery,2549.92,7,8,True,1,False,False
ORD-11734,2025-01-22,Supplier C (USA),Air Freight,Industrial Components,907.29,45,46,True,1,False,False
ORD-11735,2025-01-27,Supplier B (China),Ocean Cargo,Industrial Components,5230.92,7,23,True,16,False,False
ORD-11736,2025-07-14,Supplier D (India),Express Courier,Heavy Machinery,5231.64,45,45,False,0,False,True
ORD-11737,2025-12-03,Supplier D (India),Ocean Cargo,Raw Materials,20390.25,21,26,True,5,True,False
ORD-11738,2025-08-24,Supplier A (Germany),Express Courier,Raw Materials,6637.19,14,12,False,0,False,True
ORD-11739,2025-04-02,Supplier A (Germany),Air Freight,Electronics,3150.03,21,27,True,6,False,False
ORD-11740,2025-01-21,Supplier A (Germany),Ocean Cargo,Industrial Components,4186.9,45,50,True,5,False,False
ORD-11741,2025-10-30,Supplier C (USA),Air Freight,Raw Materials,7255.08,30,34,True,4,False,False
ORD-11742,2025-12-23,Supplier C (USA),Ocean Cargo,Electronics,5896.36,30,37,True,7,False,False
ORD-11743,2025-03-25,Supplier C (USA),Express Courier,Electronics,7805.85,21,31,True,10,False,False
ORD-11744,2025-09-19,Supplier E (Vietnam),Ocean Cargo,Electronics,6645.11,30,29,False,0,False,True
ORD-11745,2025-05-27,Supplier D (India),Air Freight,Raw Materials,4015.37,45,46,True,1,False,False
ORD-11746,2025-09-14,Supplier A (Germany),Air Freight,Raw Materials,3201.47,14,13,False,0,False,True
ORD-11747,2025-02-27,Supplier B (China),Air Freight,Industrial Components,3066.68,7,7,False,0,True,False
ORD-11748,2025-01-15,Supplier B (China),Ocean Cargo,Industrial Components,2344.4,45,49,True,4,False,False
ORD-11749,2025-06-11,Supplier B (China),Rail Freight,Electronics,2067.93,45,46,True,1,False,False
ORD-11750,2025-06-12,Supplier C (USA),Air Freight,Electronics,21391.98,7,7,False,0,False,True
ORD-11751,2025-11-16,Supplier D (India),Express Courier,Raw Materials,5430.4,7,11,True,4,False,False
ORD-11752,2025-10-08,Supplier B (China),Express Courier,Raw Materials,4340.56,14,15,True,1,False,False
ORD-11753,2025-10-07,Supplier C (USA),Ocean Cargo,Industrial Components,3305.33,14,12,False,0,False,True
ORD-11754,2025-01-12,Supplier D (India),Ocean Cargo,Industrial Components,6926.45,14,14,False,0,False,True
ORD-11755,2025-10-01,Supplier B (China),Express Courier,Heavy Machinery,12873.56,30,33,True,3,False,False
ORD-11756,2025-09-28,Supplier A (Germany),Air Freight,Industrial Components,8765.79,45,44,False,0,False,True
ORD-11757,2025-07-27,Supplier B (China),Air Freight,Raw Materials,10272.97,7,8,True,1,False,False
ORD-11758,2025-01-27,Supplier A (Germany),Air Freight,Electronics,3074.13,45,46,True,1,False,False
ORD-11759,2025-03-13,Supplier E (Vietnam),Rail Freight,Heavy Machinery,4898.56,45,46,True,1,False,False
ORD-11760,2025-03-01,Supplier A (Germany),Rail Freight,Industrial Components,3106.64,14,17,True,3,False,False
ORD-11761,2025-05-25,Supplier B (China),Express Courier,Industrial Components,5354.14,14,14,False,0,False,True
ORD-11762,2025-04-03,Supplier B (China),Air Freight,Raw Materials,13603.37,45,46,True,1,False,False
ORD-11763,2025-11-05,Supplier E (Vietnam),Ocean Cargo,Heavy Machinery,6985.02,14,14,False,0,False,True
ORD-11764,2025-01-08,Supplier A (Germany),Air Freight,Industrial Components,18058.5,30,31,True,1,False,False
ORD-11765,2025-03-20,Supplier A (Germany),Air Freight,Electronics,3901.75,7,5,False,0,False,True
ORD-11766,2025-01-27,Supplier A (Germany),Ocean Cargo,Raw Materials,2577.13,45,47,True,2,False,False
ORD-11767,2025-06-23,Supplier A (Germany),Rail Freight,Heavy Machinery,7403.46,7,14,True,7,False,False
ORD-11768,2025-02-19,Supplier A (Germany),Rail Freight,Industrial Components,5405.04,30,37,True,7,False,False
ORD-11769,2025-07-18,Supplier C (USA),Ocean Cargo,Industrial Components,6362.41,14,17,True,3,False,False
ORD-11770,2025-12-15,Supplier A (Germany),Air Freight,Heavy Machinery,5645.29,21,25,True,4,False,False
ORD-11771,2025-06-30,Supplier A (Germany),Air Freight,Raw Materials,3335.75,30,31,True,1,False,False
ORD-11772,2025-01-24,Supplier D (India),Ocean Cargo,Heavy Machinery,5747.89,21,25,True,4,False,False
ORD-11773,2025-11-12,Supplier B (China),Express Courier,Heavy Machinery,10707.46,7,8,True,1,True,False
ORD-11774,2025-02-15,Supplier B (China),Express Courier,Raw Materials,11624.69,45,51,True,6,False,False
ORD-11775,2025-01-15,Supplier B (China),Ocean Cargo,Industrial Components,3322.21,14,14,False,0,False,True
ORD-11776,2025-06-02,Supplier E (Vietnam),Ocean Cargo,Electronics,5912.39,30,35,True,5,False,False
ORD-11777,2025-08-10,Supplier A (Germany),Air Freight,Raw Materials,16021.53,14,12,False,0,False,True
ORD-11778,2025-07-25,Supplier D (India),Air Freight,Electronics,3380.19,21,28,True,7,False,False
ORD-11779,2025-09-30,Supplier D (India),Ocean Cargo,Industrial Components,2923.23,21,22,True,1,False,False
ORD-11780,2025-08-24,Supplier A (Germany),Air Freight,Heavy Machinery,9279.12,45,49,True,4,False,False
ORD-11781,2025-12-06,Supplier E (Vietnam),Ocean Cargo,Electronics,8064.02,21,23,True,2,False,False
ORD-11782,2025-08-16,Supplier B (China),Express Courier,Industrial Components,2515.98,45,47,True,2,False,False
ORD-11783,2025-01-09,Supplier A (Germany),Ocean Cargo,Industrial Components,1604.28,30,34,True,4,False,False
ORD-11784,2025-06-15,Supplier D (India),Air Freight,Heavy Machinery,5821.1,45,55,True,10,False,False
ORD-11785,2025-11-15,Supplier D (India),Air Freight,Heavy Machinery,3516.15,21,21,False,0,False,True
ORD-11786,2025-08-02,Supplier C (USA),Ocean Cargo,Industrial Components,1277.6,7,16,True,9,False,False
ORD-11787,2025-04-27,Supplier A (Germany),Ocean Cargo,Industrial Components,2836.25,45,48,True,3,False,False
ORD-11788,2025-12-10,Supplier B (China),Ocean Cargo,Electronics,7959.23,14,20,True,6,False,False
ORD-11789,2025-03-13,Supplier D (India),Ocean Cargo,Industrial Components,4354.09,7,7,False,0,False,True
ORD-11790,2025-03-05,Supplier B (China),Ocean Cargo,Industrial Components,17203.76,45,47,True,2,False,False
ORD-11791,2025-07-24,Supplier B (China),Express Courier,Electronics,925.39,14,21,True,7,False,False
ORD-11792,2025-07-28,Supplier A (Germany),Ocean Cargo,Raw Materials,14334.06,7,9,True,2,False,False
ORD-11793,2025-03-13,Supplier A (Germany),Express Courier,Electronics,3732.66,45,48,True,3,False,False
ORD-11794,2025-10-04,Supplier D (India),Ocean Cargo,Electronics,3325.13,30,30,False,0,False,True
ORD-11795,2025-10-01,Supplier B (China),Air Freight,Heavy Machinery,1420.9,14,15,True,1,False,False
ORD-11796,2025-11-16,Supplier E (Vietnam),Ocean Cargo,Electronics,7129.99,30,34,True,4,False,False
ORD-11797,2025-12-04,Supplier B (China),Ocean Cargo,Industrial Components,1139.78,21,25,True,4,False,False
ORD-11798,2025-04-05,Supplier D (India),Rail Freight,Industrial Components,9455.23,45,48,True,3,False,False
ORD-11799,2025-06-15,Supplier B (China),Express Courier,Industrial Components,1464.56,45,46,True,1,False,False
ORD-11800,2025-02-01,Supplier B (China),Rail Freight,Raw Materials,1661.43,14,16,True,2,False,False
ORD-11801,2025-01-11,Supplier A (Germany),Rail Freight,Industrial Components,1895.1,45,47,True,2,False,False
ORD-11802,2025-10-28,Supplier B (China),Ocean Cargo,Raw Materials,2771.77,21,23,True,2,False,False
ORD-11803,2025-08-05,Supplier B (China),Ocean Cargo,Industrial Components,10442.72,45,52,True,7,False,False
ORD-11804,2025-10-16,Supplier E (Vietnam),Ocean Cargo,Electronics,16369.34,7,5,False,0,False,True
ORD-11805,2025-04-12,Supplier C (USA),Rail Freight,Heavy Machinery,3010.69,30,30,False,0,False,True
ORD-11806,2025-09-24,Supplier A (Germany),Express Courier,Industrial Components,4735.06,21,29,True,8,False,False
ORD-11807,2025-08-02,Supplier A (Germany),Air Freight,Raw Materials,7273.07,21,23,True,2,False,False
ORD-11808,2025-06-28,Supplier A (Germany),Express Courier,Raw Materials,3776.49,30,28,False,0,False,True
ORD-11809,2025-03-29,Supplier C (USA),Air Freight,Heavy Machinery,7048.75,30,31,True,1,False,False
ORD-11810,2025-02-10,Supplier D (India),Ocean Cargo,Industrial Components,4898.76,21,21,False,0,False,True
ORD-11811,2025-03-17,Supplier E (Vietnam),Air Freight,Electronics,4012.75,30,31,True,1,False,False
ORD-11812,2025-02-15,Supplier A (Germany),Ocean Cargo,Industrial Components,1578.37,14,16,True,2,False,False
ORD-11813,2025-06-09,Supplier B (China),Express Courier,Industrial Components,5537.15,30,30,False,0,False,True
ORD-11814,2025-03-21,Supplier B (China),Air Freight,Heavy Machinery,10579.79,7,8,True,1,False,False
ORD-11815,2025-11-06,Supplier C (USA),Air Freight,Industrial Components,2636.95,7,7,False,0,False,True
ORD-11816,2025-03-27,Supplier C (USA),Air Freight,Electronics,1017.78,14,12,False,0,False,True
ORD-11817,2025-04-02,Supplier C (USA),Ocean Cargo,Raw Materials,3806.1,30,30,False,0,False,True
ORD-11818,2025-05-28,Supplier C (USA),Ocean Cargo,Heavy Machinery,16445.65,7,11,True,4,False,False
ORD-11819,2025-06-10,Supplier A (Germany),Air Freight,Electronics,12959.18,45,45,False,0,False,True
ORD-11820,2025-07-21,Supplier D (India),Air Freight,Raw Materials,3089.09,30,33,True,3,False,False
ORD-11821,2025-08-30,Supplier A (Germany),Ocean Cargo,Heavy Machinery,7075.63,14,15,True,1,False,False
ORD-11822,2025-12-19,Supplier C (USA),Air Freight,Heavy Machinery,8029.17,30,40,True,10,False,False
ORD-11823,2025-01-02,Supplier B (China),Express Courier,Raw Materials,16191.97,21,30,True,9,False,False
ORD-11824,2025-08-13,Supplier B (China),Air Freight,Raw Materials,1421.59,21,22,True,1,False,False
ORD-11825,2025-10-16,Supplier E (Vietnam),Ocean Cargo,Electronics,2090.04,7,10,True,3,False,False
ORD-11826,2025-08-21,Supplier D (India),Air Freight,Industrial Components,984.56,21,19,False,0,False,True
ORD-11827,2025-03-18,Supplier D (India),Ocean Cargo,Industrial Components,2856.27,14,23,True,9,False,False
ORD-11828,2025-04-26,Supplier B (China),Air Freight,Industrial Components,11533.88,7,10,True,3,False,False
ORD-11829,2025-06-03,Supplier D (India),Express Courier,Industrial Components,3140.77,14,13,False,0,False,True
ORD-11830,2025-04-13,Supplier B (China),Rail Freight,Industrial Components,1725.8,14,14,False,0,True,False
ORD-11831,2025-07-13,Supplier D (India),Rail Freight,Electronics,5891.75,21,21,False,0,False,True
ORD-11832,2025-06-15,Supplier B (China),Ocean Cargo,Heavy Machinery,6014.3,21,23,True,2,False,False
ORD-11833,2025-12-25,Supplier E (Vietnam),Ocean Cargo,Electronics,2178.43,14,18,True,4,False,False
ORD-11834,2025-03-31,Supplier E (Vietnam),Express Courier,Electronics,3278.57,21,23,True,2,False,False
ORD-11835,2025-06-23,Supplier D (India),Ocean Cargo,Electronics,5543.94,21,19,False,0,False,True
ORD-11836,2025-05-02,Supplier B (China),Air Freight,Heavy Machinery,8926.59,21,21,False,0,False,True
ORD-11837,2025-05-23,Supplier A (Germany),Express Courier,Electronics,2924.57,30,30,False,0,False,True
ORD-11838,2025-04-16,Supplier D (India),Ocean Cargo,Electronics,2606.12,14,14,False,0,False,True
ORD-11839,2025-11-01,Supplier A (Germany),Air Freight,Heavy Machinery,22698.26,45,51,True,6,False,False
ORD-11840,2025-12-26,Supplier D (India),Air Freight,Electronics,3947.27,14,15,True,1,False,False
ORD-11841,2025-11-13,Supplier B (China),Air Freight,Industrial Components,6000.2,7,10,True,3,False,False
ORD-11842,2025-05-03,Supplier B (China),Ocean Cargo,Raw Materials,8255.97,21,22,True,1,False,False
ORD-11843,2025-01-09,Supplier E (Vietnam),Air Freight,Electronics,1176.73,21,19,False,0,False,True
ORD-11844,2025-09-19,Supplier C (USA),Air Freight,Raw Materials,4842.46,45,49,True,4,False,False
ORD-11845,2025-03-14,Supplier C (USA),Air Freight,Electronics,1317.42,7,5,False,0,True,False
ORD-11846,2025-12-25,Supplier C (USA),Ocean Cargo,Electronics,4426.56,30,30,False,0,False,True
ORD-11847,2025-08-11,Supplier B (China),Express Courier,Industrial Components,14742.64,14,17,True,3,False,False
ORD-11848,2025-02-10,Supplier D (India),Ocean Cargo,Heavy Machinery,2211.06,30,32,True,2,False,False
ORD-11849,2025-07-23,Supplier B (China),Air Freight,Raw Materials,1295.78,7,7,False,0,False,True
ORD-11850,2025-09-21,Supplier E (Vietnam),Air Freight,Heavy Machinery,22251.14,45,44,False,0,False,True
ORD-11851,2025-11-24,Supplier D (India),Rail Freight,Industrial Components,1963.25,7,11,True,4,False,False
ORD-11852,2025-06-27,Supplier B (China),Ocean Cargo,Industrial Components,1481.98,45,45,False,0,False,True
ORD-11853,2025-12-14,Supplier D (India),Ocean Cargo,Raw Materials,17947.84,30,29,False,0,False,True
ORD-11854,2025-11-14,Supplier C (USA),Air Freight,Heavy Machinery,1902.31,30,30,False,0,False,True
ORD-11855,2025-03-25,Supplier B (China),Express Courier,Industrial Components,18323.35,7,5,False,0,False,True
ORD-11856,2025-11-14,Supplier E (Vietnam),Ocean Cargo,Electronics,6119.73,7,10,True,3,False,False
ORD-11857,2025-04-21,Supplier A (Germany),Air Freight,Electronics,13727.63,21,21,False,0,False,True
ORD-11858,2025-09-08,Supplier B (China),Air Freight,Electronics,5703.6,45,53,True,8,False,False
ORD-11859,2025-01-07,Supplier B (China),Ocean Cargo,Heavy Machinery,11658.16,21,21,False,0,False,True
ORD-11860,2025-03-25,Supplier B (China),Express Courier,Electronics,2357.23,14,16,True,2,False,False
ORD-11861,2025-07-27,Supplier C (USA),Express Courier,Electronics,3008.26,14,17,True,3,False,False
ORD-11862,2025-11-10,Supplier D (India),Ocean Cargo,Industrial Components,904.69,7,8,True,1,False,False
ORD-11863,2025-01-22,Supplier C (USA),Express Courier,Industrial Components,10693.86,30,30,False,0,False,True
ORD-11864,2025-01-03,Supplier C (USA),Air Freight,Electronics,6875.06,14,19,True,5,True,False
ORD-11865,2025-05-07,Supplier A (Germany),Ocean Cargo,Electronics,2195.45,14,22,True,8,False,False
ORD-11866,2025-10-24,Supplier B (China),Ocean Cargo,Industrial Components,1213.03,21,21,False,0,False,True
ORD-11867,2025-07-07,Supplier A (Germany),Air Freight,Raw Materials,6157.65,21,22,True,1,False,False
ORD-11868,2025-12-28,Supplier B (China),Express Courier,Heavy Machinery,18784.05,14,20,True,6,False,False
ORD-11869,2025-01-14,Supplier C (USA),Air Freight,Heavy Machinery,4401.19,7,11,True,4,True,False
ORD-11870,2025-01-12,Supplier A (Germany),Ocean Cargo,Industrial Components,2902.25,21,29,True,8,False,False
ORD-11871,2025-03-28,Supplier B (China),Ocean Cargo,Heavy Machinery,2322.36,14,14,False,0,False,True
ORD-11872,2025-01-12,Supplier A (Germany),Ocean Cargo,Industrial Components,13352.77,30,30,False,0,False,True
ORD-11873,2025-01-25,Supplier E (Vietnam),Ocean Cargo,Industrial Components,2634.9,21,20,False,0,False,True
ORD-11874,2025-10-28,Supplier E (Vietnam),Air Freight,Industrial Components,3652.1,14,14,False,0,False,True
ORD-11875,2025-08-31,Supplier C (USA),Express Courier,Industrial Components,11309.38,45,48,True,3,False,False
ORD-11876,2025-05-02,Supplier E (Vietnam),Ocean Cargo,Raw Materials,8184.4,21,24,True,3,False,False
ORD-11877,2025-05-27,Supplier D (India),Ocean Cargo,Electronics,3765.64,45,46,True,1,False,False
ORD-11878,2025-02-24,Supplier C (USA),Rail Freight,Electronics,2809.66,21,22,True,1,False,False
ORD-11879,2025-08-26,Supplier A (Germany),Express Courier,Raw Materials,15874.39,21,25,True,4,False,False
ORD-11880,2025-12-22,Supplier D (India),Air Freight,Heavy Machinery,2012.04,45,47,True,2,False,False
ORD-11881,2025-06-22,Supplier D (India),Express Courier,Heavy Machinery,4153.77,7,14,True,7,False,False
ORD-11882,2025-08-09,Supplier C (USA),Air Freight,Electronics,1473.36,14,15,True,1,False,False
ORD-11883,2025-04-29,Supplier D (India),Air Freight,Heavy Machinery,12722.07,7,8,True,1,False,False
ORD-11884,2025-11-05,Supplier B (China),Ocean Cargo,Electronics,3361.33,7,22,True,15,False,False
ORD-11885,2025-07-02,Supplier D (India),Rail Freight,Electronics,2808.2,14,22,True,8,False,False
ORD-11886,2025-10-15,Supplier E (Vietnam),Air Freight,Raw Materials,8344.27,30,30,False,0,True,False
ORD-11887,2025-11-03,Supplier B (China),Ocean Cargo,Heavy Machinery,1571.19,7,12,True,5,False,False
ORD-11888,2025-10-27,Supplier D (India),Air Freight,Raw Materials,8170.66,7,7,False,0,False,True
ORD-11889,2025-03-23,Supplier B (China),Express Courier,Electronics,3683.31,7,7,False,0,False,True
ORD-11890,2025-07-30,Supplier C (USA),Ocean Cargo,Electronics,1873.87,30,29,False,0,False,True
ORD-11891,2025-05-30,Supplier D (India),Ocean Cargo,Electronics,2225.62,21,22,True,1,False,False
ORD-11892,2025-02-06,Supplier A (Germany),Air Freight,Industrial Components,2843.07,45,51,True,6,False,False
ORD-11893,2025-12-18,Supplier C (USA),Express Courier,Industrial Components,3445.3,45,43,False,0,False,True
ORD-11894,2025-11-08,Supplier A (Germany),Rail Freight,Industrial Components,1884.05,30,44,True,14,False,False
ORD-11895,2025-12-27,Supplier C (USA),Ocean Cargo,Raw Materials,6220.54,7,6,False,0,False,True
ORD-11896,2025-02-28,Supplier B (China),Ocean Cargo,Electronics,1844.98,45,45,False,0,True,False
ORD-11897,2025-05-11,Supplier D (India),Rail Freight,Heavy Machinery,740.93,30,34,True,4,False,False
ORD-11898,2025-07-21,Supplier A (Germany),Air Freight,Raw Materials,22826.92,14,40,True,26,False,False
ORD-11899,2025-08-31,Supplier C (USA),Express Courier,Raw Materials,5757.98,45,43,False,0,False,True
ORD-11900,2025-02-04,Supplier B (China),Express Courier,Raw Materials,24528.56,14,19,True,5,True,False
ORD-11901,2025-04-03,Supplier D (India),Air Freight,Heavy Machinery,2132.55,7,6,False,0,False,True
ORD-11902,2025-07-26,Supplier E (Vietnam),Ocean Cargo,Electronics,7214.41,45,45,False,0,False,True
ORD-11903,2025-12-19,Supplier E (Vietnam),Air Freight,Industrial Components,10053.61,30,29,False,0,True,False
ORD-11904,2025-11-28,Supplier D (India),Ocean Cargo,Electronics,4223.94,21,19,False,0,False,True
ORD-11905,2025-11-01,Supplier D (India),Ocean Cargo,Electronics,1547.57,45,56,True,11,False,False
ORD-11906,2025-12-16,Supplier A (Germany),Ocean Cargo,Raw Materials,3977.53,45,46,True,1,False,False
ORD-11907,2025-08-01,Supplier B (China),Ocean Cargo,Raw Materials,8112.14,45,45,False,0,False,True
ORD-11908,2025-06-08,Supplier B (China),Air Freight,Raw Materials,7868.14,45,49,True,4,False,False
ORD-11909,2025-01-24,Supplier D (India),Ocean Cargo,Industrial Components,4908.37,30,30,False,0,False,True
ORD-11910,2025-10-20,Supplier E (Vietnam),Air Freight,Industrial Components,10075.18,30,33,True,3,True,False
ORD-11911,2025-01-04,Supplier A (Germany),Express Courier,Industrial Components,9701.82,21,21,False,0,False,True
ORD-11912,2025-08-08,Supplier E (Vietnam),Air Freight,Electronics,3232.68,30,31,True,1,False,False
ORD-11913,2025-12-30,Supplier C (USA),Express Courier,Raw Materials,1456.31,30,32,True,2,False,False
ORD-11914,2025-01-20,Supplier C (USA),Ocean Cargo,Heavy Machinery,5723.56,7,10,True,3,False,False
ORD-11915,2025-06-01,Supplier A (Germany),Ocean Cargo,Electronics,2704.55,7,9,True,2,False,False
ORD-11916,2025-02-19,Supplier A (Germany),Express Courier,Industrial Components,5513.74,14,16,True,2,False,False
ORD-11917,2025-06-26,Supplier C (USA),Ocean Cargo,Heavy Machinery,14420.76,21,22,True,1,False,False
ORD-11918,2025-04-06,Supplier C (USA),Ocean Cargo,Heavy Machinery,6974.34,7,5,False,0,False,True
ORD-11919,2025-04-15,Supplier A (Germany),Air Freight,Raw Materials,13863.36,21,21,False,0,False,True
ORD-11920,2025-09-07,Supplier C (USA),Ocean Cargo,Heavy Machinery,2188.16,21,22,True,1,False,False
ORD-11921,2025-04-27,Supplier D (India),Air Freight,Industrial Components,11730.7,45,48,True,3,False,False
ORD-11922,2025-12-20,Supplier D (India),Air Freight,Raw Materials,18793.73,21,26,True,5,False,False
ORD-11923,2025-08-16,Supplier E (Vietnam),Ocean Cargo,Heavy Machinery,5174.29,45,43,False,0,False,True
ORD-11924,2025-03-07,Supplier B (China),Air Freight,Raw Materials,31496.85,14,14,False,0,False,True
ORD-11925,2025-12-01,Supplier B (China),Air Freight,Heavy Machinery,2475.15,14,19,True,5,False,False
ORD-11926,2025-09-19,Supplier D (India),Air Freight,Electronics,2948.15,14,12,False,0,False,True
ORD-11927,2025-10-22,Supplier B (China),Air Freight,Electronics,8266.35,45,56,True,11,False,False
ORD-11928,2025-08-31,Supplier A (Germany),Air Freight,Industrial Components,5133.65,45,49,True,4,False,False
ORD-11929,2025-07-05,Supplier B (China),Rail Freight,Electronics,2712.63,14,15,True,1,False,False
ORD-11930,2025-09-03,Supplier B (China),Air Freight,Electronics,8064.95,45,45,False,0,False,True
ORD-11931,2025-05-05,Supplier B (China),Ocean Cargo,Electronics,6531.77,30,33,True,3,False,False
ORD-11932,2025-09-25,Supplier B (China),Air Freight,Heavy Machinery,3074.75,30,28,False,0,False,True
ORD-11933,2025-05-11,Supplier B (China),Rail Freight,Heavy Machinery,5717.24,45,45,False,0,False,True
ORD-11934,2025-08-25,Supplier A (Germany),Air Freight,Raw Materials,9020.19,45,46,True,1,False,False
ORD-11935,2025-01-18,Supplier C (USA),Rail Freight,Heavy Machinery,3020.67,7,12,True,5,False,False
ORD-11936,2025-02-09,Supplier C (USA),Ocean Cargo,Electronics,7432.34,7,6,False,0,False,True
ORD-11937,2025-01-21,Supplier C (USA),Air Freight,Heavy Machinery,2456.19,21,21,False,0,False,True
ORD-11938,2025-08-13,Supplier A (Germany),Express Courier,Industrial Components,2866.77,21,25,True,4,False,False
ORD-11939,2025-12-21,Supplier B (China),Ocean Cargo,Raw Materials,11959.36,21,21,False,0,False,True
ORD-11940,2025-10-09,Supplier C (USA),Air Freight,Raw Materials,8030.46,14,17,True,3,False,False
ORD-11941,2025-01-08,Supplier C (USA),Express Courier,Heavy Machinery,1086.3,30,31,True,1,True,False
ORD-11942,2025-04-10,Supplier B (China),Rail Freight,Electronics,3643.21,14,17,True,3,False,False
ORD-11943,2025-08-28,Supplier B (China),Ocean Cargo,Raw Materials,7271.79,45,43,False,0,False,True
ORD-11944,2025-03-28,Supplier E (Vietnam),Ocean Cargo,Industrial Components,5492.25,7,5,False,0,False,True
ORD-11945,2025-10-25,Supplier B (China),Express Courier,Industrial Components,8059.15,45,46,True,1,False,False
ORD-11946,2025-01-14,Supplier B (China),Ocean Cargo,Raw Materials,5392.61,45,46,True,1,False,False
ORD-11947,2025-11-30,Supplier C (USA),Express Courier,Electronics,4420.12,7,6,False,0,False,True
ORD-11948,2025-01-02,Supplier B (China),Ocean Cargo,Electronics,4313.35,45,47,True,2,False,False
ORD-11949,2025-10-20,Supplier B (China),Air Freight,Heavy Machinery,11765.7,21,20,False,0,False,True
ORD-11950,2025-11-21,Supplier B (China),Rail Freight,Heavy Machinery,8569.39,7,16,True,9,False,False
ORD-11951,2025-02-10,Supplier D (India),Air Freight,Raw Materials,6794.0,45,46,True,1,False,False
ORD-11952,2025-11-14,Supplier B (China),Air Freight,Heavy Machinery,5276.75,21,24,True,3,False,False
ORD-11953,2025-11-12,Supplier A (Germany),Ocean Cargo,Heavy Machinery,3168.28,21,25,True,4,False,False
ORD-11954,2025-04-21,Supplier B (China),Ocean Cargo,Heavy Machinery,3845.26,30,28,False,0,False,True
ORD-11955,2025-01-14,Supplier D (India),Air Freight,Industrial Components,11518.81,21,23,True,2,False,False
ORD-11956,2025-08-19,Supplier A (Germany),Express Courier,Heavy Machinery,10682.93,14,15,True,1,False,False
ORD-11957,2025-03-25,Supplier E (Vietnam),Ocean Cargo,Raw Materials,2925.27,7,9,True,2,False,False
ORD-11958,2025-05-10,Supplier B (China),Ocean Cargo,Electronics,5323.76,7,9,True,2,False,False
ORD-11959,2025-08-19,Supplier E (Vietnam),Express Courier,Heavy Machinery,7322.99,7,13,True,6,False,False
ORD-11960,2025-11-22,Supplier E (Vietnam),Ocean Cargo,Electronics,6950.35,45,43,False,0,False,True
ORD-11961,2025-05-25,Supplier B (China),Air Freight,Heavy Machinery,6907.66,45,46,True,1,False,False
ORD-11962,2025-12-11,Supplier A (Germany),Air Freight,Raw Materials,2018.96,14,14,False,0,False,True
ORD-11963,2025-01-28,Supplier A (Germany),Rail Freight,Industrial Components,1925.25,21,20,False,0,False,True
ORD-11964,2025-03-07,Supplier A (Germany),Air Freight,Raw Materials,12533.44,45,48,True,3,False,False
ORD-11965,2025-06-12,Supplier D (India),Ocean Cargo,Industrial Components,16435.85,21,28,True,7,False,False
ORD-11966,2025-08-17,Supplier B (China),Ocean Cargo,Heavy Machinery,1502.35,21,21,False,0,False,True
ORD-11967,2025-09-18,Supplier B (China),Ocean Cargo,Heavy Machinery,4806.82,45,44,False,0,False,True
ORD-11968,2025-06-13,Supplier B (China),Air Freight,Industrial Components,9426.13,45,48,True,3,False,False
ORD-11969,2025-10-28,Supplier E (Vietnam),Ocean Cargo,Raw Materials,843.01,14,12,False,0,False,True
ORD-11970,2025-10-30,Supplier A (Germany),Ocean Cargo,Raw Materials,2082.51,30,28,False,0,False,True
ORD-11971,2025-10-14,Supplier A (Germany),Rail Freight,Industrial Components,4565.31,7,6,False,0,False,True
ORD-11972,2025-01-10,Supplier A (Germany),Air Freight,Heavy Machinery,3047.9,45,47,True,2,False,False
ORD-11973,2025-07-14,Supplier E (Vietnam),Ocean Cargo,Industrial Components,5809.88,45,52,True,7,False,False
ORD-11974,2025-04-28,Supplier C (USA),Ocean Cargo,Heavy Machinery,15936.79,21,20,False,0,False,True
ORD-11975,2025-09-27,Supplier B (China),Ocean Cargo,Industrial Components,2484.34,30,28,False,0,False,True
ORD-11976,2025-03-21,Supplier A (Germany),Ocean Cargo,Heavy Machinery,5116.46,45,56,True,11,False,False
ORD-11977,2025-04-03,Supplier B (China),Air Freight,Industrial Components,3730.0,30,30,False,0,False,True
ORD-11978,2025-09-23,Supplier A (Germany),Air Freight,Electronics,5481.27,7,7,False,0,False,True
ORD-11979,2025-11-28,Supplier E (Vietnam),Express Courier,Heavy Machinery,4937.63,21,19,False,0,False,True
ORD-11980,2025-12-16,Supplier D (India),Ocean Cargo,Raw Materials,40528.41,14,13,False,0,False,True
ORD-11981,2025-12-27,Supplier B (China),Ocean Cargo,Industrial Components,16182.12,7,13,True,6,False,False
ORD-11982,2025-09-14,Supplier D (India),Air Freight,Raw Materials,1387.49,30,38,True,8,False,False
ORD-11983,2025-05-13,Supplier A (Germany),Air Freight,Industrial Components,2392.02,30,31,True,1,False,False
ORD-11984,2025-10-03,Supplier D (India),Air Freight,Raw Materials,2637.84,7,10,True,3,False,False
ORD-11985,2025-09-21,Supplier D (India),Air Freight,Raw Materials,1830.93,30,29,False,0,False,True
ORD-11986,2025-06-20,Supplier B (China),Ocean Cargo,Industrial Components,1644.69,14,16,True,2,False,False
ORD-11987,2025-01-01,Supplier D (India),Express Courier,Industrial Components,4261.2,14,14,False,0,False,True
ORD-11988,2025-11-09,Supplier B (China),Air Freight,Raw Materials,2719.63,30,32,True,2,False,False
ORD-11989,2025-03-05,Supplier B (China),Ocean Cargo,Raw Materials,2409.96,30,32,True,2,False,False
ORD-11990,2025-10-11,Supplier A (Germany),Air Freight,Raw Materials,24745.01,14,17,True,3,False,False
ORD-11991,2025-05-01,Supplier B (China),Ocean Cargo,Heavy Machinery,2873.53,30,30,False,0,False,True
ORD-11992,2025-04-17,Supplier D (India),Air Freight,Heavy Machinery,3447.71,45,44,False,0,False,True
ORD-11993,2025-06-24,Supplier E (Vietnam),Rail Freight,Electronics,8894.29,21,39,True,18,False,False
ORD-11994,2025-07-23,Supplier C (USA),Ocean Cargo,Heavy Machinery,3438.45,45,44,False,0,False,True
ORD-11995,2025-06-14,Supplier D (India),Rail Freight,Heavy Machinery,1934.22,30,32,True,2,False,False
ORD-11996,2025-11-01,Supplier D (India),Express Courier,Industrial Components,3998.39,30,41,True,11,False,False
ORD-11997,2025-04-30,Supplier A (Germany),Ocean Cargo,Electronics,24513.68,21,22,True,1,False,False
ORD-11998,2025-02-13,Supplier B (China),Ocean Cargo,Electronics,3343.74,30,29,False,0,False,True
ORD-11999,2025-11-08,Supplier A (Germany),Air Freight,Heavy Machinery,2369.86,21,27,True,6,False,False
ORD-12000,2025-06-05,Supplier C (USA),Ocean Cargo,Industrial Components,6878.7,14,13,False,0,False,True
ORD-12001,2025-07-26,Supplier E (Vietnam),Rail Freight,Industrial Components,3847.84,21,21,False,0,False,True
ORD-12002,2025-04-18,Supplier A (Germany),Air Freight,Electronics,43967.03,21,22,True,1,False,False
ORD-12003,2025-09-08,Supplier D (India),Express Courier,Industrial Components,2618.83,45,45,False,0,False,True
ORD-12004,2025-11-30,Supplier C (USA),Ocean Cargo,Raw Materials,19672.65,30,29,False,0,False,True
ORD-12005,2025-05-10,Supplier C (USA),Express Courier,Heavy Machinery,12465.39,14,15,True,1,False,False
ORD-12006,2025-10-20,Supplier B (China),Rail Freight,Raw Materials,3622.51,7,12,True,5,False,False
ORD-12007,2025-01-20,Supplier B (China),Ocean Cargo,Electronics,4900.97,21,20,False,0,False,True
ORD-12008,2025-10-09,Supplier A (Germany),Ocean Cargo,Electronics,2156.19,7,5,False,0,False,True
ORD-12009,2025-10-12,Supplier A (Germany),Ocean Cargo,Industrial Components,3194.69,30,35,True,5,False,False
ORD-12010,2025-01-01,Supplier A (Germany),Express Courier,Industrial Components,3602.0,21,22,True,1,False,False
ORD-12011,2025-04-29,Supplier C (USA),Rail Freight,Electronics,5576.31,7,5,False,0,False,True
ORD-12012,2025-02-04,Supplier A (Germany),Express Courier,Electronics,1587.41,45,43,False,0,False,True
ORD-12013,2025-07-17,Supplier D (India),Ocean Cargo,Raw Materials,6305.56,7,11,True,4,False,False
ORD-12014,2025-09-02,Supplier B (China),Ocean Cargo,Raw Materials,4373.44,45,51,True,6,False,False
ORD-12015,2025-02-28,Supplier C (USA),Express Courier,Industrial Components,6758.03,14,13,False,0,False,True
ORD-12016,2025-11-21,Supplier B (China),Ocean Cargo,Raw Materials,7614.77,30,32,True,2,False,False
ORD-12017,2025-06-10,Supplier C (USA),Express Courier,Industrial Components,4102.09,7,6,False,0,False,True
ORD-12018,2025-06-28,Supplier E (Vietnam),Ocean Cargo,Industrial Components,7263.07,21,21,False,0,False,True
ORD-12019,2025-07-25,Supplier A (Germany),Air Freight,Heavy Machinery,4583.69,30,28,False,0,False,True
ORD-12020,2025-01-12,Supplier B (China),Ocean Cargo,Industrial Components,8908.65,7,10,True,3,False,False
ORD-12021,2025-10-03,Supplier D (India),Ocean Cargo,Raw Materials,6329.02,21,22,True,1,False,False
ORD-12022,2025-06-30,Supplier A (Germany),Air Freight,Electronics,5680.72,21,21,False,0,True,False
ORD-12023,2025-08-30,Supplier A (Germany),Air Freight,Electronics,4528.03,21,21,False,0,False,True
ORD-12024,2025-08-04,Supplier B (China),Ocean Cargo,Raw Materials,13858.48,21,24,True,3,False,False
ORD-12025,2025-09-08,Supplier A (Germany),Air Freight,Electronics,6796.4,7,6,False,0,False,True
ORD-12026,2025-10-26,Supplier C (USA),Ocean Cargo,Industrial Components,1707.58,14,14,False,0,False,True
ORD-12027,2025-05-06,Supplier A (Germany),Express Courier,Electronics,3369.23,45,47,True,2,False,False
ORD-12028,2025-08-05,Supplier D (India),Rail Freight,Raw Materials,4093.4,45,47,True,2,False,False
ORD-12029,2025-11-02,Supplier D (India),Express Courier,Electronics,4910.35,45,47,True,2,False,False
ORD-12030,2025-10-12,Supplier C (USA),Rail Freight,Industrial Components,5661.06,14,12,False,0,False,True
ORD-12031,2025-07-04,Supplier C (USA),Ocean Cargo,Industrial Components,2309.13,21,23,True,2,False,False
ORD-12032,2025-02-08,Supplier D (India),Air Freight,Raw Materials,4654.56,21,33,True,12,False,False
ORD-12033,2025-08-11,Supplier A (Germany),Ocean Cargo,Raw Materials,3822.66,30,30,False,0,False,True
ORD-12034,2025-07-03,Supplier D (India),Express Courier,Raw Materials,11705.28,45,52,True,7,False,False
ORD-12035,2025-06-27,Supplier D (India),Ocean Cargo,Heavy Machinery,2217.06,45,54,True,9,True,False
ORD-12036,2025-10-21,Supplier D (India),Air Freight,Heavy Machinery,4846.91,21,21,False,0,False,True
ORD-12037,2025-12-06,Supplier C (USA),Express Courier,Industrial Components,2840.38,45,45,False,0,False,True
ORD-12038,2025-05-31,Supplier A (Germany),Air Freight,Heavy Machinery,21815.95,21,19,False,0,False,True
ORD-12039,2025-05-06,Supplier B (China),Ocean Cargo,Heavy Machinery,13430.6,21,21,False,0,False,True
ORD-12040,2025-10-28,Supplier D (India),Air Freight,Electronics,1320.96,21,29,True,8,False,False
ORD-12041,2025-11-04,Supplier A (Germany),Ocean Cargo,Heavy Machinery,2599.38,7,5,False,0,False,True
ORD-12042,2025-12-02,Supplier D (India),Ocean Cargo,Electronics,9864.9,7,5,False,0,False,True
ORD-12043,2025-08-22,Supplier A (Germany),Air Freight,Raw Materials,7085.65,7,8,True,1,False,False
ORD-12044,2025-01-08,Supplier A (Germany),Ocean Cargo,Electronics,6910.14,7,13,True,6,False,False
ORD-12045,2025-12-07,Supplier A (Germany),Ocean Cargo,Electronics,5725.48,14,18,True,4,False,False
ORD-12046,2025-05-09,Supplier A (Germany),Express Courier,Raw Materials,10519.23,30,34,True,4,False,False
ORD-12047,2025-09-21,Supplier B (China),Express Courier,Raw Materials,9179.99,30,31,True,1,False,False
ORD-12048,2025-06-06,Supplier A (Germany),Ocean Cargo,Industrial Components,3895.41,21,19,False,0,False,True
ORD-12049,2025-12-18,Supplier E (Vietnam),Express Courier,Industrial Components,1882.95,45,53,True,8,False,False
ORD-12050,2025-12-24,Supplier C (USA),Ocean Cargo,Industrial Components,1271.49,7,8,True,1,False,False
ORD-12051,2025-01-05,Supplier A (Germany),Ocean Cargo,Industrial Components,4523.72,30,30,False,0,False,True
ORD-12052,2025-03-27,Supplier C (USA),Air Freight,Electronics,1127.86,30,32,True,2,False,False
ORD-12053,2025-06-24,Supplier D (India),Ocean Cargo,Electronics,6007.7,7,23,True,16,False,False
ORD-12054,2025-10-17,Supplier D (India),Ocean Cargo,Industrial Components,3841.33,14,16,True,2,False,False
ORD-12055,2025-07-12,Supplier A (Germany),Air Freight,Heavy Machinery,23274.85,14,13,False,0,False,True
ORD-12056,2025-11-07,Supplier D (India),Ocean Cargo,Industrial Components,6467.23,30,30,False,0,False,True
ORD-12057,2025-04-29,Supplier D (India),Express Courier,Heavy Machinery,4801.19,14,18,True,4,False,False
ORD-12058,2025-08-06,Supplier A (Germany),Ocean Cargo,Raw Materials,1348.93,7,7,False,0,False,True
ORD-12059,2025-04-24,Supplier A (Germany),Air Freight,Electronics,1790.31,30,29,False,0,False,True
ORD-12060,2025-05-25,Supplier C (USA),Ocean Cargo,Electronics,8476.76,7,16,True,9,False,False
ORD-12061,2025-01-26,Supplier A (Germany),Ocean Cargo,Heavy Machinery,3825.8,14,12,False,0,False,True
ORD-12062,2025-05-16,Supplier D (India),Ocean Cargo,Industrial Components,37357.93,7,5,False,0,False,True
ORD-12063,2025-10-30,Supplier B (China),Ocean Cargo,Electronics,4598.84,14,32,True,18,False,False
ORD-12064,2025-08-20,Supplier E (Vietnam),Ocean Cargo,Heavy Machinery,5625.91,14,12,False,0,False,True
ORD-12065,2025-03-17,Supplier C (USA),Express Courier,Raw Materials,1713.82,7,7,False,0,False,True
ORD-12066,2025-11-24,Supplier A (Germany),Air Freight,Raw Materials,10487.56,14,13,False,0,False,True
ORD-12067,2025-12-11,Supplier A (Germany),Rail Freight,Electronics,2343.55,21,22,True,1,False,False
ORD-12068,2025-10-29,Supplier C (USA),Ocean Cargo,Industrial Components,7476.57,7,5,False,0,False,True
ORD-12069,2025-10-16,Supplier D (India),Air Freight,Heavy Machinery,9409.12,21,21,False,0,False,True
ORD-12070,2025-01-01,Supplier D (India),Ocean Cargo,Electronics,5303.67,7,8,True,1,False,False
ORD-12071,2025-05-27,Supplier B (China),Air Freight,Raw Materials,20041.83,14,19,True,5,False,False
ORD-12072,2025-10-14,Supplier A (Germany),Air Freight,Industrial Components,3015.25,14,12,False,0,False,True
ORD-12073,2025-05-22,Supplier A (Germany),Ocean Cargo,Heavy Machinery,18777.83,30,35,True,5,False,False
ORD-12074,2025-02-22,Supplier C (USA),Express Courier,Electronics,1778.0,30,28,False,0,False,True
ORD-12075,2025-10-31,Supplier A (Germany),Rail Freight,Heavy Machinery,9313.52,21,21,False,0,False,True
ORD-12076,2025-03-10,Supplier B (China),Ocean Cargo,Industrial Components,4385.55,14,22,True,8,False,False
ORD-12077,2025-12-27,Supplier C (USA),Air Freight,Industrial Components,2789.15,30,30,False,0,False,True
ORD-12078,2025-03-31,Supplier E (Vietnam),Ocean Cargo,Raw Materials,1301.12,14,17,True,3,False,False
ORD-12079,2025-08-08,Supplier B (China),Ocean Cargo,Industrial Components,3989.67,7,7,False,0,False,True
ORD-12080,2025-07-11,Supplier A (Germany),Express Courier,Electronics,3793.13,30,28,False,0,False,True
ORD-12081,2025-03-04,Supplier C (USA),Express Courier,Heavy Machinery,5643.87,21,34,True,13,False,False
ORD-12082,2025-03-14,Supplier C (USA),Express Courier,Industrial Components,8776.67,30,32,True,2,False,False
ORD-12083,2025-06-10,Supplier B (China),Ocean Cargo,Industrial Components,2574.03,14,13,False,0,False,True
ORD-12084,2025-06-18,Supplier E (Vietnam),Ocean Cargo,Electronics,20062.63,45,45,False,0,False,True
ORD-12085,2025-03-30,Supplier D (India),Air Freight,Heavy Machinery,3194.46,45,43,False,0,False,True
ORD-12086,2025-06-25,Supplier A (Germany),Rail Freight,Heavy Machinery,7956.59,14,18,True,4,False,False
ORD-12087,2025-09-26,Supplier A (Germany),Air Freight,Raw Materials,5282.39,7,10,True,3,False,False
ORD-12088,2025-03-14,Supplier B (China),Air Freight,Raw Materials,4192.42,30,30,False,0,False,True
ORD-12089,2025-09-02,Supplier D (India),Air Freight,Heavy Machinery,5074.82,45,45,False,0,False,True
ORD-12090,2025-03-18,Supplier A (Germany),Express Courier,Electronics,2316.4,7,8,True,1,False,False
ORD-12091,2025-06-08,Supplier C (USA),Ocean Cargo,Electronics,3604.53,14,16,True,2,True,False
ORD-12092,2025-11-20,Supplier C (USA),Ocean Cargo,Raw Materials,1682.77,7,7,False,0,False,True
ORD-12093,2025-04-08,Supplier A (Germany),Rail Freight,Industrial Components,3167.14,14,18,True,4,False,False
ORD-12094,2025-04-12,Supplier C (USA),Rail Freight,Electronics,3383.5,30,29,False,0,False,True
ORD-12095,2025-05-12,Supplier E (Vietnam),Ocean Cargo,Industrial Components,9664.14,7,8,True,1,False,False
ORD-12096,2025-04-12,Supplier A (Germany),Air Freight,Electronics,3768.6,30,28,False,0,False,True
ORD-12097,2025-01-19,Supplier B (China),Express Courier,Heavy Machinery,3434.18,7,11,True,4,False,False
ORD-12098,2025-03-23,Supplier B (China),Rail Freight,Raw Materials,5860.75,14,13,False,0,False,True
ORD-12099,2025-10-06,Supplier D (India),Ocean Cargo,Industrial Components,5679.86,14,16,True,2,False,False
ORD-12100,2025-12-05,Supplier E (Vietnam),Ocean Cargo,Industrial Components,3063.05,7,10,True,3,False,False
ORD-12101,2025-12-31,Supplier B (China),Air Freight,Heavy Machinery,6737.09,14,15,True,1,False,False
ORD-12102,2025-11-27,Supplier D (India),Express Courier,Electronics,4260.25,21,24,True,3,False,False
ORD-12103,2025-05-09,Supplier B (China),Ocean Cargo,Industrial Components,3059.08,21,21,False,0,True,False
ORD-12104,2025-12-10,Supplier B (China),Ocean Cargo,Electronics,3306.41,30,32,True,2,False,False
ORD-12105,2025-11-06,Supplier B (China),Air Freight,Heavy Machinery,10503.68,21,25,True,4,False,False
ORD-12106,2025-03-30,Supplier A (Germany),Rail Freight,Raw Materials,3386.86,21,30,True,9,False,False
ORD-12107,2025-08-01,Supplier B (China),Ocean Cargo,Industrial Components,6056.58,45,45,False,0,False,True
ORD-12108,2025-05-23,Supplier C (USA),Air Freight,Electronics,1761.78,45,50,True,5,False,False
ORD-12109,2025-03-06,Supplier A (Germany),Ocean Cargo,Industrial Components,11994.99,45,48,True,3,False,False
ORD-12110,2025-03-17,Supplier E (Vietnam),Ocean Cargo,Electronics,3082.83,45,54,True,9,False,False
ORD-12111,2025-07-18,Supplier A (Germany),Ocean Cargo,Electronics,6769.83,14,16,True,2,False,False
ORD-12112,2025-05-23,Supplier A (Germany),Express Courier,Electronics,4018.83,30,31,True,1,False,False
ORD-12113,2025-11-12,Supplier B (China),Ocean Cargo,Heavy Machinery,6708.08,30,38,True,8,False,False
ORD-12114,2025-04-03,Supplier D (India),Rail Freight,Raw Materials,7007.61,21,21,False,0,False,True
ORD-12115,2025-11-01,Supplier A (Germany),Air Freight,Industrial Components,4377.66,30,30,False,0,False,True
ORD-12116,2025-08-12,Supplier B (China),Air Freight,Raw Materials,1104.59,21,20,False,0,False,True
ORD-12117,2025-10-18,Supplier E (Vietnam),Air Freight,Electronics,11764.15,30,36,True,6,False,False
ORD-12118,2025-04-12,Supplier B (China),Ocean Cargo,Electronics,4394.36,7,5,False,0,False,True
ORD-12119,2025-09-24,Supplier B (China),Ocean Cargo,Raw Materials,6597.23,7,6,False,0,False,True
ORD-12120,2025-12-21,Supplier D (India),Express Courier,Raw Materials,8547.34,30,30,False,0,False,True
ORD-12121,2025-04-20,Supplier A (Germany),Express Courier,Industrial Components,3409.29,14,14,False,0,False,True
ORD-12122,2025-11-26,Supplier B (China),Ocean Cargo,Electronics,7433.17,21,23,True,2,False,False
ORD-12123,2025-09-22,Supplier B (China),Rail Freight,Raw Materials,2702.46,30,29,False,0,False,True
ORD-12124,2025-01-03,Supplier B (China),Air Freight,Heavy Machinery,6701.15,21,24,True,3,False,False
ORD-12125,2025-03-26,Supplier B (China),Express Courier,Electronics,4992.85,45,49,True,4,False,False
ORD-12126,2025-10-09,Supplier A (Germany),Ocean Cargo,Electronics,3505.2,30,29,False,0,False,True
ORD-12127,2025-11-24,Supplier B (China),Ocean Cargo,Industrial Components,5103.05,14,14,False,0,False,True
ORD-12128,2025-10-31,Supplier A (Germany),Express Courier,Heavy Machinery,2112.96,45,49,True,4,False,False
ORD-12129,2025-04-27,Supplier D (India),Ocean Cargo,Industrial Components,6293.24,30,29,False,0,False,True
ORD-12130,2025-08-09,Supplier B (China),Air Freight,Heavy Machinery,6838.05,7,5,False,0,False,True
ORD-12131,2025-06-03,Supplier B (China),Ocean Cargo,Industrial Components,6480.24,30,36,True,6,False,False
ORD-12132,2025-06-02,Supplier D (India),Ocean Cargo,Heavy Machinery,16345.97,7,8,True,1,False,False
ORD-12133,2025-01-12,Supplier C (USA),Express Courier,Heavy Machinery,4555.18,7,6,False,0,False,True
ORD-12134,2025-05-13,Supplier A (Germany),Ocean Cargo,Heavy Machinery,4813.13,30,31,True,1,False,False
ORD-12135,2025-10-31,Supplier E (Vietnam),Rail Freight,Raw Materials,1927.12,30,30,False,0,False,True
ORD-12136,2025-10-20,Supplier A (Germany),Ocean Cargo,Electronics,17291.59,7,13,True,6,False,False
ORD-12137,2025-10-27,Supplier A (Germany),Ocean Cargo,Heavy Machinery,1482.5,21,20,False,0,False,True
ORD-12138,2025-08-16,Supplier D (India),Express Courier,Raw Materials,5900.85,45,49,True,4,False,False
ORD-12139,2025-09-28,Supplier B (China),Ocean Cargo,Raw Materials,3005.43,14,14,False,0,False,True
ORD-12140,2025-02-12,Supplier B (China),Rail Freight,Industrial Components,5166.0,30,31,True,1,False,False
ORD-12141,2025-12-09,Supplier A (Germany),Ocean Cargo,Electronics,1725.98,45,47,True,2,False,False
ORD-12142,2025-11-22,Supplier B (China),Ocean Cargo,Electronics,10029.95,45,53,True,8,False,False
ORD-12143,2025-10-29,Supplier B (China),Air Freight,Industrial Components,2288.97,21,22,True,1,False,False
ORD-12144,2025-12-30,Supplier E (Vietnam),Ocean Cargo,Electronics,12493.98,45,51,True,6,False,False
ORD-12145,2025-01-21,Supplier A (Germany),Air Freight,Industrial Components,2340.01,30,31,True,1,False,False
ORD-12146,2025-04-17,Supplier D (India),Express Courier,Raw Materials,10723.25,45,51,True,6,False,False
ORD-12147,2025-12-02,Supplier C (USA),Air Freight,Raw Materials,2528.11,30,30,False,0,False,True
ORD-12148,2025-10-30,Supplier D (India),Air Freight,Heavy Machinery,3005.84,30,32,True,2,False,False
ORD-12149,2025-04-27,Supplier D (India),Air Freight,Industrial Components,4907.52,7,7,False,0,False,True
ORD-12150,2025-05-04,Supplier C (USA),Air Freight,Raw Materials,2494.04,21,27,True,6,False,False
ORD-12151,2025-10-08,Supplier B (China),Ocean Cargo,Raw Materials,2435.97,14,17,True,3,False,False
ORD-12152,2025-10-19,Supplier A (Germany),Express Courier,Industrial Components,2517.26,7,11,True,4,False,False
ORD-12153,2025-07-22,Supplier A (Germany),Express Courier,Raw Materials,6342.86,14,13,False,0,False,True
ORD-12154,2025-02-20,Supplier D (India),Express Courier,Electronics,4913.0,30,31,True,1,False,False
ORD-12155,2025-09-28,Supplier D (India),Express Courier,Raw Materials,5126.12,7,14,True,7,False,False
ORD-12156,2025-11-20,Supplier B (China),Air Freight,Industrial Components,3790.65,45,43,False,0,False,True
ORD-12157,2025-10-04,Supplier A (Germany),Express Courier,Electronics,7623.26,45,54,True,9,False,False
ORD-12158,2025-05-21,Supplier B (China),Air Freight,Electronics,11384.94,14,15,True,1,False,False
ORD-12159,2025-10-02,Supplier C (USA),Ocean Cargo,Raw Materials,7789.2,30,35,True,5,False,False
ORD-12160,2025-10-17,Supplier B (China),Ocean Cargo,Heavy Machinery,4158.14,14,15,True,1,False,False
ORD-12161,2025-11-30,Supplier D (India),Air Freight,Electronics,1850.8,21,22,True,1,False,False
ORD-12162,2025-02-21,Supplier E (Vietnam),Express Courier,Industrial Components,1010.64,45,46,True,1,False,False
ORD-12163,2025-01-27,Supplier A (Germany),Ocean Cargo,Heavy Machinery,4666.24,7,7,False,0,True,False
ORD-12164,2025-06-06,Supplier B (China),Express Courier,Heavy Machinery,997.69,7,5,False,0,False,True
ORD-12165,2025-08-27,Supplier B (China),Ocean Cargo,Electronics,4190.42,7,15,True,8,False,False
ORD-12166,2025-06-05,Supplier B (China),Air Freight,Raw Materials,15094.69,45,46,True,1,False,False
ORD-12167,2025-10-18,Supplier A (Germany),Express Courier,Heavy Machinery,1953.2,30,28,False,0,False,True
ORD-12168,2025-05-16,Supplier A (Germany),Air Freight,Raw Materials,1756.56,45,45,False,0,False,True
ORD-12169,2025-05-24,Supplier D (India),Ocean Cargo,Electronics,8180.82,45,46,True,1,False,False
ORD-12170,2025-04-16,Supplier B (China),Air Freight,Industrial Components,520.82,7,9,True,2,False,False
ORD-12171,2025-06-07,Supplier B (China),Ocean Cargo,Heavy Machinery,6670.48,45,43,False,0,False,True
ORD-12172,2025-05-26,Supplier E (Vietnam),Ocean Cargo,Industrial Components,15911.66,7,9,True,2,False,False
ORD-12173,2025-01-02,Supplier D (India),Ocean Cargo,Raw Materials,2445.52,30,29,False,0,False,True
ORD-12174,2025-03-18,Supplier A (Germany),Rail Freight,Raw Materials,2131.56,21,25,True,4,False,False
ORD-12175,2025-05-12,Supplier C (USA),Express Courier,Industrial Components,7879.49,7,8,True,1,False,False
ORD-12176,2025-03-31,Supplier B (China),Express Courier,Electronics,1926.39,14,18,True,4,False,False
ORD-12177,2025-12-11,Supplier D (India),Express Courier,Electronics,9401.79,21,31,True,10,False,False
ORD-12178,2025-12-16,Supplier D (India),Air Freight,Heavy Machinery,2056.07,30,33,True,3,False,False
ORD-12179,2025-09-20,Supplier C (USA),Ocean Cargo,Heavy Machinery,20225.95,21,19,False,0,False,True
ORD-12180,2025-12-17,Supplier B (China),Air Freight,Electronics,8348.56,7,6,False,0,False,True
ORD-12181,2025-04-18,Supplier D (India),Air Freight,Electronics,5066.65,30,37,True,7,False,False
ORD-12182,2025-03-15,Supplier A (Germany),Rail Freight,Industrial Components,19314.36,14,15,True,1,False,False
ORD-12183,2025-02-08,Supplier A (Germany),Ocean Cargo,Raw Materials,11217.55,7,10,True,3,False,False
ORD-12184,2025-06-08,Supplier B (China),Ocean Cargo,Raw Materials,6600.45,7,21,True,14,False,False
ORD-12185,2025-03-12,Supplier A (Germany),Air Freight,Heavy Machinery,1107.02,30,33,True,3,False,False
ORD-12186,2025-11-08,Supplier A (Germany),Ocean Cargo,Electronics,2804.01,30,28,False,0,False,True
ORD-12187,2025-08-29,Supplier D (India),Air Freight,Industrial Components,11711.51,21,23,True,2,False,False
ORD-12188,2025-10-25,Supplier E (Vietnam),Air Freight,Heavy Machinery,1736.97,14,14,False,0,False,True
ORD-12189,2025-02-05,Supplier B (China),Air Freight,Industrial Components,2663.57,21,27,True,6,False,False
ORD-12190,2025-03-25,Supplier B (China),Ocean Cargo,Electronics,2169.65,21,21,False,0,True,False
ORD-12191,2025-09-20,Supplier B (China),Ocean Cargo,Electronics,6781.04,7,11,True,4,False,False
ORD-12192,2025-11-06,Supplier B (China),Air Freight,Electronics,10624.2,30,30,False,0,False,True
ORD-12193,2025-06-21,Supplier A (Germany),Express Courier,Raw Materials,10632.59,7,14,True,7,False,False
ORD-12194,2025-06-22,Supplier E (Vietnam),Air Freight,Electronics,2484.3,14,15,True,1,False,False
ORD-12195,2025-12-28,Supplier A (Germany),Ocean Cargo,Heavy Machinery,6707.13,21,24,True,3,False,False
ORD-12196,2025-02-16,Supplier B (China),Rail Freight,Raw Materials,2392.5,14,17,True,3,False,False
ORD-12197,2025-05-21,Supplier A (Germany),Ocean Cargo,Industrial Components,4152.9,30,32,True,2,False,False
ORD-12198,2025-04-28,Supplier D (India),Express Courier,Heavy Machinery,7451.23,30,28,False,0,False,True
ORD-12199,2025-10-04,Supplier D (India),Rail Freight,Heavy Machinery,11488.48,45,47,True,2,False,False
ORD-12200,2025-08-02,Supplier E (Vietnam),Ocean Cargo,Industrial Components,880.49,14,15,True,1,False,False
ORD-12201,2025-08-08,Supplier D (India),Express Courier,Raw Materials,5318.29,7,9,True,2,False,False
ORD-12202,2025-01-26,Supplier B (China),Express Courier,Heavy Machinery,15151.19,14,13,False,0,False,True
ORD-12203,2025-01-09,Supplier A (Germany),Ocean Cargo,Heavy Machinery,5918.13,21,24,True,3,False,False
ORD-12204,2025-09-28,Supplier C (USA),Air Freight,Heavy Machinery,5250.56,30,31,True,1,False,False
ORD-12205,2025-01-10,Supplier B (China),Rail Freight,Raw Materials,3132.52,30,29,False,0,False,True
ORD-12206,2025-05-01,Supplier C (USA),Express Courier,Raw Materials,14832.89,14,16,True,2,False,False
ORD-12207,2025-05-05,Supplier A (Germany),Air Freight,Raw Materials,3250.53,14,15,True,1,False,False
ORD-12208,2025-06-19,Supplier A (Germany),Ocean Cargo,Heavy Machinery,4536.36,14,16,True,2,False,False
ORD-12209,2025-03-13,Supplier B (China),Express Courier,Electronics,3373.92,21,21,False,0,False,True
ORD-12210,2025-06-01,Supplier C (USA),Ocean Cargo,Industrial Components,5359.13,21,21,False,0,False,True
ORD-12211,2025-07-27,Supplier D (India),Ocean Cargo,Electronics,15375.36,7,7,False,0,True,False
ORD-12212,2025-02-18,Supplier A (Germany),Express Courier,Raw Materials,2380.62,14,17,True,3,False,False
ORD-12213,2025-06-03,Supplier B (China),Ocean Cargo,Heavy Machinery,5377.84,7,6,False,0,False,True
ORD-12214,2025-12-13,Supplier A (Germany),Ocean Cargo,Heavy Machinery,6720.05,45,43,False,0,False,True
ORD-12215,2025-10-20,Supplier A (Germany),Express Courier,Electronics,2566.08,21,23,True,2,False,False
ORD-12216,2025-03-09,Supplier B (China),Express Courier,Electronics,4688.12,30,31,True,1,False,False
ORD-12217,2025-02-19,Supplier A (Germany),Ocean Cargo,Industrial Components,21613.47,45,51,True,6,False,False
ORD-12218,2025-06-01,Supplier A (Germany),Ocean Cargo,Heavy Machinery,1194.17,30,34,True,4,False,False
ORD-12219,2025-01-19,Supplier B (China),Ocean Cargo,Electronics,3508.84,45,53,True,8,False,False
ORD-12220,2025-04-10,Supplier B (China),Rail Freight,Industrial Components,6005.6,7,10,True,3,False,False
ORD-12221,2025-03-01,Supplier A (Germany),Air Freight,Raw Materials,3638.2,7,12,True,5,False,False
ORD-12222,2025-06-16,Supplier A (Germany),Air Freight,Electronics,49463.88,21,21,False,0,False,True
ORD-12223,2025-07-21,Supplier A (Germany),Ocean Cargo,Raw Materials,7623.21,30,28,False,0,False,True
ORD-12224,2025-12-11,Supplier A (Germany),Express Courier,Industrial Components,2131.34,45,50,True,5,False,False
ORD-12225,2025-05-26,Supplier C (USA),Air Freight,Raw Materials,757.93,14,12,False,0,False,True
ORD-12226,2025-06-13,Supplier B (China),Air Freight,Heavy Machinery,6452.49,14,14,False,0,False,True
ORD-12227,2025-08-30,Supplier B (China),Air Freight,Heavy Machinery,2685.18,21,23,True,2,False,False
ORD-12228,2025-03-10,Supplier B (China),Express Courier,Raw Materials,13782.0,30,30,False,0,False,True
ORD-12229,2025-06-24,Supplier C (USA),Air Freight,Heavy Machinery,3944.62,14,19,True,5,False,False
ORD-12230,2025-02-18,Supplier D (India),Ocean Cargo,Industrial Components,3119.16,21,19,False,0,False,True
ORD-12231,2025-04-18,Supplier D (India),Ocean Cargo,Heavy Machinery,3077.28,21,32,True,11,False,False
ORD-12232,2025-08-14,Supplier D (India),Express Courier,Raw Materials,10820.6,30,31,True,1,False,False
ORD-12233,2025-06-10,Supplier B (China),Ocean Cargo,Raw Materials,6853.17,14,17,True,3,False,False
ORD-12234,2025-04-29,Supplier C (USA),Air Freight,Raw Materials,20025.57,14,12,False,0,False,True
ORD-12235,2025-05-29,Supplier C (USA),Ocean Cargo,Electronics,4137.78,14,17,True,3,False,False
ORD-12236,2025-05-30,Supplier A (Germany),Rail Freight,Raw Materials,9796.92,7,5,False,0,False,True
ORD-12237,2025-10-20,Supplier A (Germany),Ocean Cargo,Industrial Components,9931.84,14,18,True,4,False,False
ORD-12238,2025-05-23,Supplier B (China),Rail Freight,Heavy Machinery,8425.78,45,51,True,6,False,False
ORD-12239,2025-06-09,Supplier E (Vietnam),Express Courier,Heavy Machinery,3268.59,7,14,True,7,False,False
ORD-12240,2025-01-11,Supplier B (China),Air Freight,Electronics,7177.64,7,7,False,0,False,True
ORD-12241,2025-05-18,Supplier D (India),Ocean Cargo,Electronics,4546.92,7,8,True,1,False,False
ORD-12242,2025-03-19,Supplier B (China),Air Freight,Industrial Components,4452.35,7,5,False,0,False,True
ORD-12243,2025-03-18,Supplier B (China),Ocean Cargo,Raw Materials,2579.5,21,21,False,0,False,True
ORD-12244,2025-09-11,Supplier A (Germany),Air Freight,Electronics,901.2,45,46,True,1,False,False
ORD-12245,2025-09-15,Supplier A (Germany),Ocean Cargo,Heavy Machinery,13342.39,30,28,False,0,False,True
ORD-12246,2025-11-16,Supplier D (India),Rail Freight,Electronics,6941.32,14,16,True,2,False,False
ORD-12247,2025-10-18,Supplier C (USA),Air Freight,Electronics,1678.14,7,9,True,2,False,False
ORD-12248,2025-09-20,Supplier B (China),Express Courier,Raw Materials,8726.93,30,36,True,6,False,False
ORD-12249,2025-03-26,Supplier D (India),Air Freight,Electronics,13554.97,21,23,True,2,False,False
ORD-12250,2025-05-26,Supplier A (Germany),Air Freight,Industrial Components,9155.72,30,30,False,0,False,True
ORD-12251,2025-11-19,Supplier E (Vietnam),Express Courier,Heavy Machinery,2408.33,7,7,False,0,False,True
ORD-12252,2025-02-11,Supplier B (China),Ocean Cargo,Raw Materials,2736.42,45,52,True,7,False,False
ORD-12253,2025-05-05,Supplier B (China),Express Courier,Heavy Machinery,3170.67,30,41,True,11,False,False
ORD-12254,2025-06-16,Supplier B (China),Air Freight,Industrial Components,9787.56,7,11,True,4,False,False
ORD-12255,2025-08-29,Supplier A (Germany),Ocean Cargo,Industrial Components,7209.59,7,9,True,2,False,False
ORD-12256,2025-10-07,Supplier A (Germany),Express Courier,Electronics,45808.88,14,24,True,10,False,False
ORD-12257,2025-07-07,Supplier C (USA),Ocean Cargo,Electronics,1322.52,14,18,True,4,False,False
ORD-12258,2025-10-29,Supplier D (India),Ocean Cargo,Electronics,4712.25,45,44,False,0,False,True
ORD-12259,2025-01-19,Supplier D (India),Rail Freight,Heavy Machinery,1051.31,14,13,False,0,False,True
ORD-12260,2025-03-09,Supplier A (Germany),Ocean Cargo,Industrial Components,7921.36,45,47,True,2,False,False
ORD-12261,2025-08-06,Supplier B (China),Rail Freight,Raw Materials,11539.32,21,23,True,2,False,False
ORD-12262,2025-04-12,Supplier A (Germany),Express Courier,Electronics,15579.09,21,21,False,0,False,True
ORD-12263,2025-02-11,Supplier A (Germany),Express Courier,Heavy Machinery,5714.82,14,15,True,1,False,False
ORD-12264,2025-10-15,Supplier C (USA),Air Freight,Electronics,1063.53,21,26,True,5,False,False
ORD-12265,2025-06-16,Supplier B (China),Ocean Cargo,Industrial Components,4721.5,30,38,True,8,False,False
ORD-12266,2025-04-19,Supplier A (Germany),Express Courier,Raw Materials,6970.43,30,35,True,5,False,False
ORD-12267,2025-02-05,Supplier A (Germany),Air Freight,Industrial Components,2199.27,30,28,False,0,False,True
ORD-12268,2025-08-20,Supplier E (Vietnam),Air Freight,Heavy Machinery,3975.94,21,21,False,0,False,True
ORD-12269,2025-08-17,Supplier A (Germany),Ocean Cargo,Electronics,1769.34,30,30,False,0,False,True
ORD-12270,2025-12-19,Supplier B (China),Air Freight,Industrial Components,3010.42,45,47,True,2,False,False
ORD-12271,2025-06-13,Supplier B (China),Rail Freight,Heavy Machinery,10198.27,7,6,False,0,False,True
ORD-12272,2025-03-14,Supplier A (Germany),Express Courier,Electronics,8468.68,14,14,False,0,False,True
ORD-12273,2025-05-16,Supplier A (Germany),Ocean Cargo,Raw Materials,1609.73,45,45,False,0,False,True
ORD-12274,2025-12-19,Supplier B (China),Air Freight,Industrial Components,2796.19,30,28,False,0,False,True
ORD-12275,2025-03-11,Supplier D (India),Express Courier,Electronics,5144.45,7,9,True,2,False,False
ORD-12276,2025-07-15,Supplier B (China),Ocean Cargo,Electronics,5891.23,14,21,True,7,False,False
ORD-12277,2025-09-26,Supplier C (USA),Rail Freight,Electronics,2891.94,45,48,True,3,False,False
ORD-12278,2025-02-18,Supplier E (Vietnam),Ocean Cargo,Electronics,7195.18,14,14,False,0,False,True
ORD-12279,2025-11-12,Supplier D (India),Ocean Cargo,Industrial Components,4777.99,21,27,True,6,False,False
ORD-12280,2025-05-10,Supplier B (China),Ocean Cargo,Electronics,625.59,30,34,True,4,False,False
ORD-12281,2025-01-05,Supplier B (China),Rail Freight,Heavy Machinery,3110.89,45,48,True,3,False,False
ORD-12282,2025-01-27,Supplier C (USA),Ocean Cargo,Industrial Components,3040.63,45,48,True,3,False,False
ORD-12283,2025-06-09,Supplier C (USA),Ocean Cargo,Electronics,8455.89,7,7,False,0,False,True
ORD-12284,2025-05-29,Supplier B (China),Air Freight,Industrial Components,8577.07,7,11,True,4,False,False
ORD-12285,2025-09-21,Supplier C (USA),Express Courier,Heavy Machinery,1289.9,7,15,True,8,False,False
ORD-12286,2025-08-18,Supplier A (Germany),Express Courier,Heavy Machinery,6979.81,14,13,False,0,False,True
ORD-12287,2025-07-19,Supplier B (China),Ocean Cargo,Industrial Components,4632.39,30,31,True,1,False,False
ORD-12288,2025-02-19,Supplier B (China),Ocean Cargo,Electronics,5437.85,14,22,True,8,False,False
ORD-12289,2025-03-08,Supplier A (Germany),Air Freight,Electronics,3007.72,30,31,True,1,False,False
ORD-12290,2025-10-27,Supplier A (Germany),Air Freight,Heavy Machinery,4677.58,45,49,True,4,False,False
ORD-12291,2025-02-27,Supplier C (USA),Air Freight,Electronics,12335.81,14,17,True,3,False,False
ORD-12292,2025-09-16,Supplier B (China),Air Freight,Heavy Machinery,5376.26,14,17,True,3,False,False
ORD-12293,2025-12-08,Supplier B (China),Ocean Cargo,Electronics,4750.75,14,16,True,2,False,False
ORD-12294,2025-11-22,Supplier B (China),Air Freight,Heavy Machinery,3349.74,21,22,True,1,False,False
ORD-12295,2025-05-10,Supplier B (China),Air Freight,Raw Materials,11404.97,30,30,False,0,False,True
ORD-12296,2025-08-03,Supplier A (Germany),Express Courier,Electronics,1764.05,30,28,False,0,False,True
ORD-12297,2025-06-21,Supplier C (USA),Ocean Cargo,Electronics,2587.44,14,19,True,5,False,False
ORD-12298,2025-09-15,Supplier D (India),Ocean Cargo,Electronics,1684.85,21,25,True,4,False,False
ORD-12299,2025-04-12,Supplier D (India),Ocean Cargo,Industrial Components,5770.7,14,18,True,4,False,False
ORD-12300,2025-07-28,Supplier C (USA),Ocean Cargo,Electronics,12629.59,30,30,False,0,False,True
ORD-12301,2025-10-18,Supplier B (China),Air Freight,Industrial Components,3778.05,45,44,False,0,False,True
ORD-12302,2025-12-20,Supplier A (Germany),Express Courier,Industrial Components,2089.07,21,27,True,6,False,False
ORD-12303,2025-10-13,Supplier B (China),Air Freight,Heavy Machinery,18199.64,21,21,False,0,False,True
ORD-12304,2025-04-26,Supplier A (Germany),Ocean Cargo,Industrial Components,7051.72,14,15,True,1,False,False
ORD-12305,2025-09-21,Supplier E (Vietnam),Ocean Cargo,Industrial Components,6136.56,45,45,False,0,False,True
ORD-12306,2025-05-30,Supplier A (Germany),Express Courier,Raw Materials,4221.09,30,30,False,0,False,True
ORD-12307,2025-10-27,Supplier A (Germany),Ocean Cargo,Electronics,8393.49,7,7,False,0,False,True
ORD-12308,2025-02-05,Supplier D (India),Ocean Cargo,Industrial Components,6060.12,30,36,True,6,False,False
ORD-12309,2025-11-29,Supplier E (Vietnam),Air Freight,Electronics,3344.21,30,39,True,9,False,False
ORD-12310,2025-10-14,Supplier D (India),Ocean Cargo,Industrial Components,3823.64,45,53,True,8,False,False
ORD-12311,2025-10-30,Supplier A (Germany),Rail Freight,Heavy Machinery,2173.49,21,30,True,9,False,False
ORD-12312,2025-11-07,Supplier A (Germany),Express Courier,Raw Materials,1967.16,30,38,True,8,False,False
ORD-12313,2025-07-27,Supplier B (China),Air Freight,Industrial Components,3876.46,21,19,False,0,False,True
ORD-12314,2025-04-16,Supplier A (Germany),Ocean Cargo,Electronics,12374.24,45,46,True,1,False,False
ORD-12315,2025-06-07,Supplier A (Germany),Rail Freight,Heavy Machinery,2148.81,45,51,True,6,False,False
ORD-12316,2025-05-01,Supplier B (China),Ocean Cargo,Electronics,9595.95,14,15,True,1,False,False
ORD-12317,2025-02-24,Supplier E (Vietnam),Ocean Cargo,Heavy Machinery,2593.73,7,8,True,1,False,False
ORD-12318,2025-01-12,Supplier B (China),Rail Freight,Raw Materials,1176.99,45,46,True,1,False,False
ORD-12319,2025-05-25,Supplier C (USA),Express Courier,Heavy Machinery,7610.47,45,43,False,0,False,True
ORD-12320,2025-05-16,Supplier C (USA),Ocean Cargo,Electronics,18088.19,21,22,True,1,False,False
ORD-12321,2025-01-03,Supplier B (China),Ocean Cargo,Electronics,2478.51,45,46,True,1,False,False
ORD-12322,2025-05-24,Supplier C (USA),Ocean Cargo,Industrial Components,1399.83,30,32,True,2,False,False
ORD-12323,2025-01-30,Supplier A (Germany),Express Courier,Heavy Machinery,7072.23,14,21,True,7,False,False
ORD-12324,2025-08-25,Supplier A (Germany),Air Freight,Electronics,2348.33,14,17,True,3,False,False
ORD-12325,2025-10-06,Supplier D (India),Air Freight,Industrial Components,7550.11,30,37,True,7,False,False
ORD-12326,2025-12-14,Supplier A (Germany),Ocean Cargo,Raw Materials,12347.19,45,46,True,1,False,False
ORD-12327,2025-04-25,Supplier E (Vietnam),Air Freight,Electronics,6402.82,7,7,False,0,False,True
ORD-12328,2025-04-14,Supplier A (Germany),Ocean Cargo,Industrial Components,9393.89,45,48,True,3,False,False
ORD-12329,2025-04-28,Supplier C (USA),Ocean Cargo,Electronics,9445.46,14,16,True,2,False,False
ORD-12330,2025-01-05,Supplier B (China),Ocean Cargo,Heavy Machinery,10850.4,7,11,True,4,False,False
ORD-12331,2025-12-26,Supplier A (Germany),Ocean Cargo,Industrial Components,5095.78,21,21,False,0,False,True
ORD-12332,2025-09-05,Supplier A (Germany),Rail Freight,Heavy Machinery,9166.04,21,26,True,5,False,False
ORD-12333,2025-12-30,Supplier C (USA),Air Freight,Raw Materials,5605.6,45,45,False,0,False,True
ORD-12334,2025-11-17,Supplier D (India),Express Courier,Heavy Machinery,6721.43,45,47,True,2,False,False
ORD-12335,2025-05-01,Supplier D (India),Rail Freight,Industrial Components,56464.59,7,8,True,1,False,False
ORD-12336,2025-10-13,Supplier B (China),Ocean Cargo,Electronics,5962.71,7,10,True,3,False,False
ORD-12337,2025-05-29,Supplier D (India),Ocean Cargo,Industrial Components,1482.96,45,45,False,0,False,True
ORD-12338,2025-03-25,Supplier C (USA),Rail Freight,Heavy Machinery,4196.75,14,15,True,1,False,False
ORD-12339,2025-08-19,Supplier D (India),Air Freight,Heavy Machinery,3833.68,21,22,True,1,True,False
ORD-12340,2025-10-15,Supplier B (China),Ocean Cargo,Electronics,3976.53,7,7,False,0,False,True
ORD-12341,2025-06-10,Supplier C (USA),Ocean Cargo,Raw Materials,10538.11,14,14,False,0,False,True
ORD-12342,2025-09-29,Supplier D (India),Air Freight,Industrial Components,12142.57,45,45,False,0,False,True
ORD-12343,2025-02-07,Supplier B (China),Express Courier,Electronics,4516.5,30,34,True,4,False,False
ORD-12344,2025-08-14,Supplier D (India),Express Courier,Electronics,1614.05,7,10,True,3,False,False
ORD-12345,2025-05-22,Supplier C (USA),Express Courier,Electronics,5320.25,30,29,False,0,False,True
ORD-12346,2025-10-19,Supplier A (Germany),Air Freight,Industrial Components,3182.08,14,18,True,4,False,False
ORD-12347,2025-05-31,Supplier A (Germany),Air Freight,Industrial Components,5815.74,21,21,False,0,False,True
ORD-12348,2025-04-24,Supplier B (China),Ocean Cargo,Industrial Components,4461.46,14,15,True,1,False,False
ORD-12349,2025-08-25,Supplier B (China),Air Freight,Raw Materials,13004.96,21,19,False,0,False,True
ORD-12350,2025-03-07,Supplier D (India),Ocean Cargo,Electronics,6123.24,14,20,True,6,False,False
ORD-12351,2025-12-27,Supplier A (Germany),Ocean Cargo,Heavy Machinery,3190.22,7,6,False,0,False,True
ORD-12352,2025-12-07,Supplier D (India),Ocean Cargo,Heavy Machinery,1622.26,7,6,False,0,False,True
ORD-12353,2025-09-15,Supplier D (India),Ocean Cargo,Electronics,4729.57,30,29,False,0,True,False
ORD-12354,2025-09-06,Supplier A (Germany),Ocean Cargo,Heavy Machinery,4743.12,14,26,True,12,False,False
ORD-12355,2025-11-27,Supplier D (India),Air Freight,Raw Materials,3983.96,14,13,False,0,False,True
ORD-12356,2025-11-19,Supplier E (Vietnam),Ocean Cargo,Raw Materials,9138.57,30,30,False,0,False,True
ORD-12357,2025-06-29,Supplier D (India),Ocean Cargo,Industrial Components,1625.84,45,46,True,1,False,False
ORD-12358,2025-07-09,Supplier D (India),Ocean Cargo,Industrial Components,2670.35,14,15,True,1,False,False
ORD-12359,2025-06-03,Supplier E (Vietnam),Express Courier,Industrial Components,5127.3,14,14,False,0,False,True
ORD-12360,2025-07-15,Supplier C (USA),Express Courier,Industrial Components,3141.3,14,14,False,0,False,True
ORD-12361,2025-11-07,Supplier B (China),Rail Freight,Industrial Components,3694.62,45,49,True,4,False,False
ORD-12362,2025-09-19,Supplier D (India),Air Freight,Heavy Machinery,4683.49,7,6,False,0,False,True
ORD-12363,2025-05-23,Supplier C (USA),Air Freight,Heavy Machinery,8508.08,30,33,True,3,False,False
ORD-12364,2025-12-08,Supplier C (USA),Ocean Cargo,Industrial Components,4534.82,45,44,False,0,False,True
ORD-12365,2025-11-12,Supplier B (China),Express Courier,Raw Materials,1016.63,21,21,False,0,False,True
ORD-12366,2025-04-11,Supplier D (India),Ocean Cargo,Heavy Machinery,3034.38,21,23,True,2,False,False
ORD-12367,2025-09-01,Supplier A (Germany),Express Courier,Raw Materials,7307.29,45,44,False,0,False,True
ORD-12368,2025-01-12,Supplier E (Vietnam),Ocean Cargo,Raw Materials,9046.55,45,45,False,0,False,True
ORD-12369,2025-08-27,Supplier B (China),Rail Freight,Electronics,9454.88,7,10,True,3,False,False
ORD-12370,2025-02-18,Supplier A (Germany),Rail Freight,Electronics,11860.18,21,25,True,4,False,False
ORD-12371,2025-02-11,Supplier B (China),Air Freight,Industrial Components,5403.22,30,63,True,33,False,False
ORD-12372,2025-06-15,Supplier A (Germany),Ocean Cargo,Raw Materials,6066.47,14,16,True,2,False,False
ORD-12373,2025-03-23,Supplier C (USA),Ocean Cargo,Heavy Machinery,2183.91,14,16,True,2,False,False
ORD-12374,2025-10-18,Supplier E (Vietnam),Air Freight,Electronics,862.94,7,13,True,6,False,False
ORD-12375,2025-06-07,Supplier D (India),Ocean Cargo,Electronics,1581.19,7,13,True,6,False,False
ORD-12376,2025-08-04,Supplier A (Germany),Ocean Cargo,Raw Materials,2803.24,21,26,True,5,False,False
ORD-12377,2025-06-07,Supplier A (Germany),Air Freight,Electronics,1656.13,30,32,True,2,False,False
ORD-12378,2025-05-14,Supplier D (India),Ocean Cargo,Electronics,3888.03,30,28,False,0,False,True
ORD-12379,2025-03-08,Supplier E (Vietnam),Ocean Cargo,Heavy Machinery,3395.92,45,48,True,3,False,False
ORD-12380,2025-12-02,Supplier B (China),Air Freight,Raw Materials,10407.29,7,14,True,7,False,False
ORD-12381,2025-01-07,Supplier B (China),Ocean Cargo,Electronics,2263.55,14,22,True,8,False,False
ORD-12382,2025-01-14,Supplier B (China),Air Freight,Raw Materials,5499.79,14,14,False,0,False,True
ORD-12383,2025-03-14,Supplier D (India),Express Courier,Electronics,3512.86,21,23,True,2,False,False
ORD-12384,2025-06-12,Supplier C (USA),Air Freight,Heavy Machinery,2196.76,14,16,True,2,False,False
ORD-12385,2025-03-07,Supplier B (China),Express Courier,Raw Materials,2745.81,30,43,True,13,False,False
ORD-12386,2025-12-13,Supplier B (China),Ocean Cargo,Electronics,952.41,30,34,True,4,False,False
ORD-12387,2025-05-10,Supplier D (India),Air Freight,Heavy Machinery,8943.46,7,9,True,2,False,False
ORD-12388,2025-07-25,Supplier A (Germany),Ocean Cargo,Electronics,15090.32,21,21,False,0,False,True
ORD-12389,2025-10-03,Supplier B (China),Ocean Cargo,Raw Materials,3968.04,14,17,True,3,False,False
ORD-12390,2025-09-13,Supplier C (USA),Ocean Cargo,Electronics,5030.37,7,7,False,0,False,True
ORD-12391,2025-09-23,Supplier A (Germany),Ocean Cargo,Raw Materials,3878.93,45,45,False,0,False,True
ORD-12392,2025-01-25,Supplier A (Germany),Ocean Cargo,Raw Materials,2550.2,45,50,True,5,False,False
ORD-12393,2025-10-08,Supplier D (India),Air Freight,Electronics,8637.96,14,14,False,0,False,True
ORD-12394,2025-09-10,Supplier D (India),Air Freight,Heavy Machinery,6343.94,14,12,False,0,False,True
ORD-12395,2025-11-06,Supplier D (India),Express Courier,Industrial Components,478.33,14,22,True,8,False,False
ORD-12396,2025-10-16,Supplier D (India),Ocean Cargo,Heavy Machinery,2148.04,30,30,False,0,False,True
ORD-12397,2025-06-13,Supplier C (USA),Ocean Cargo,Heavy Machinery,951.04,14,13,False,0,True,False
ORD-12398,2025-04-05,Supplier D (India),Express Courier,Electronics,17057.26,45,55,True,10,False,False
ORD-12399,2025-09-27,Supplier B (China),Ocean Cargo,Heavy Machinery,4283.55,14,20,True,6,False,False
ORD-12400,2025-11-17,Supplier C (USA),Express Courier,Heavy Machinery,5958.42,21,21,False,0,False,True
ORD-12401,2025-04-20,Supplier E (Vietnam),Ocean Cargo,Industrial Components,3704.72,45,46,True,1,False,False
ORD-12402,2025-12-02,Supplier A (Germany),Air Freight,Heavy Machinery,11874.61,21,22,True,1,False,False
ORD-12403,2025-11-06,Supplier B (China),Rail Freight,Industrial Components,9784.59,45,45,False,0,False,True
ORD-12404,2025-08-26,Supplier B (China),Ocean Cargo,Electronics,4136.55,7,8,True,1,False,False
ORD-12405,2025-01-25,Supplier A (Germany),Express Courier,Industrial Components,19426.52,45,50,True,5,False,False
ORD-12406,2025-05-21,Supplier A (Germany),Air Freight,Raw Materials,5700.19,45,45,False,0,False,True
ORD-12407,2025-04-27,Supplier D (India),Ocean Cargo,Raw Materials,1528.28,21,19,False,0,False,True
ORD-12408,2025-01-25,Supplier E (Vietnam),Express Courier,Industrial Components,5324.19,21,22,True,1,False,False
ORD-12409,2025-03-20,Supplier B (China),Air Freight,Raw Materials,7434.99,45,47,True,2,False,False
ORD-12410,2025-03-09,Supplier A (Germany),Express Courier,Electronics,4417.9,45,43,False,0,False,True
ORD-12411,2025-06-22,Supplier A (Germany),Ocean Cargo,Raw Materials,3536.22,30,28,False,0,False,True
ORD-12412,2025-01-12,Supplier D (India),Ocean Cargo,Industrial Components,20160.67,7,9,True,2,False,False
ORD-12413,2025-10-15,Supplier B (China),Ocean Cargo,Electronics,1903.23,7,8,True,1,False,False
ORD-12414,2025-05-08,Supplier B (China),Express Courier,Raw Materials,538.63,14,14,False,0,False,True
ORD-12415,2025-04-06,Supplier B (China),Air Freight,Electronics,17948.17,45,47,True,2,False,False
ORD-12416,2025-04-02,Supplier B (China),Air Freight,Industrial Components,1843.02,45,47,True,2,False,False
ORD-12417,2025-05-21,Supplier B (China),Express Courier,Raw Materials,3907.71,45,49,True,4,False,False
ORD-12418,2025-01-31,Supplier D (India),Express Courier,Electronics,3633.87,45,51,True,6,True,False
ORD-12419,2025-11-30,Supplier C (USA),Air Freight,Electronics,13166.08,7,10,True,3,False,False
ORD-12420,2025-01-20,Supplier C (USA),Ocean Cargo,Raw Materials,15489.0,21,21,False,0,False,True
ORD-12421,2025-05-26,Supplier B (China),Ocean Cargo,Electronics,1747.78,30,28,False,0,False,True
ORD-12422,2025-11-12,Supplier D (India),Ocean Cargo,Electronics,14552.64,21,20,False,0,False,True
ORD-12423,2025-06-09,Supplier C (USA),Air Freight,Industrial Components,14338.85,21,24,True,3,False,False
ORD-12424,2025-12-15,Supplier A (Germany),Ocean Cargo,Industrial Components,4991.46,7,11,True,4,False,False
ORD-12425,2025-02-12,Supplier C (USA),Air Freight,Industrial Components,10363.38,30,30,False,0,False,True
ORD-12426,2025-09-11,Supplier B (China),Express Courier,Industrial Components,11229.1,45,45,False,0,False,True
ORD-12427,2025-05-10,Supplier D (India),Express Courier,Industrial Components,4016.06,7,15,True,8,False,False
ORD-12428,2025-03-01,Supplier B (China),Ocean Cargo,Industrial Components,4332.7,7,13,True,6,False,False
ORD-12429,2025-05-31,Supplier E (Vietnam),Air Freight,Raw Materials,7875.11,30,29,False,0,False,True
ORD-12430,2025-10-14,Supplier A (Germany),Air Freight,Industrial Components,1335.66,14,17,True,3,False,False
ORD-12431,2025-01-05,Supplier D (India),Ocean Cargo,Electronics,3703.21,7,16,True,9,False,False
ORD-12432,2025-09-23,Supplier C (USA),Express Courier,Raw Materials,1881.29,21,21,False,0,False,True
ORD-12433,2025-12-11,Supplier D (India),Ocean Cargo,Electronics,15349.87,21,27,True,6,False,False
ORD-12434,2025-05-10,Supplier B (China),Ocean Cargo,Industrial Components,3668.48,45,43,False,0,False,True
ORD-12435,2025-09-24,Supplier B (China),Ocean Cargo,Industrial Components,6130.91,7,6,False,0,True,False
ORD-12436,2025-06-27,Supplier D (India),Ocean Cargo,Electronics,4126.85,45,43,False,0,False,True
ORD-12437,2025-09-10,Supplier A (Germany),Air Freight,Electronics,3917.51,7,5,False,0,False,True
ORD-12438,2025-02-25,Supplier A (Germany),Air Freight,Electronics,5818.36,30,28,False,0,False,True
ORD-12439,2025-03-24,Supplier C (USA),Air Freight,Heavy Machinery,2739.37,7,7,False,0,False,True
ORD-12440,2025-04-09,Supplier B (China),Ocean Cargo,Heavy Machinery,4193.18,14,14,False,0,False,True
ORD-12441,2025-05-29,Supplier B (China),Express Courier,Heavy Machinery,4168.56,21,20,False,0,False,True
ORD-12442,2025-11-25,Supplier B (China),Express Courier,Heavy Machinery,3503.18,30,38,True,8,False,False
ORD-12443,2025-06-05,Supplier B (China),Air Freight,Raw Materials,6720.01,21,22,True,1,False,False
ORD-12444,2025-07-09,Supplier D (India),Air Freight,Industrial Components,3437.17,45,49,True,4,False,False
ORD-12445,2025-09-20,Supplier C (USA),Air Freight,Electronics,17834.53,30,29,False,0,False,True
ORD-12446,2025-03-21,Supplier D (India),Ocean Cargo,Industrial Components,8128.82,14,12,False,0,False,True
ORD-12447,2025-09-09,Supplier E (Vietnam),Ocean Cargo,Electronics,1669.95,21,22,True,1,False,False
ORD-12448,2025-04-07,Supplier B (China),Ocean Cargo,Industrial Components,7636.56,7,10,True,3,False,False
ORD-12449,2025-09-17,Supplier A (Germany),Air Freight,Raw Materials,2831.09,7,14,True,7,False,False
ORD-12450,2025-09-17,Supplier A (Germany),Air Freight,Heavy Machinery,5478.31,7,11,True,4,False,False
ORD-12451,2025-04-13,Supplier B (China),Air Freight,Industrial Components,2738.17,30,33,True,3,False,False
ORD-12452,2025-02-09,Supplier E (Vietnam),Air Freight,Electronics,849.35,14,16,True,2,False,False
ORD-12453,2025-09-30,Supplier B (China),Express Courier,Industrial Components,4830.06,14,15,True,1,False,False
ORD-12454,2025-04-11,Supplier B (China),Air Freight,Raw Materials,1560.04,14,14,False,0,False,True
ORD-12455,2025-12-25,Supplier B (China),Ocean Cargo,Raw Materials,6875.86,21,23,True,2,False,False
ORD-12456,2025-11-04,Supplier C (USA),Ocean Cargo,Industrial Components,5652.36,30,30,False,0,False,True
ORD-12457,2025-08-09,Supplier C (USA),Express Courier,Heavy Machinery,3031.74,7,7,False,0,False,True
ORD-12458,2025-11-04,Supplier A (Germany),Express Courier,Electronics,21171.89,21,20,False,0,False,True
ORD-12459,2025-05-04,Supplier E (Vietnam),Express Courier,Raw Materials,1823.6,14,16,True,2,False,False
ORD-12460,2025-08-19,Supplier B (China),Air Freight,Raw Materials,2982.54,7,7,False,0,False,True
ORD-12461,2025-06-27,Supplier A (Germany),Ocean Cargo,Industrial Components,2005.1,30,33,True,3,False,False
ORD-12462,2025-03-04,Supplier D (India),Express Courier,Raw Materials,25161.06,45,48,True,3,False,False
ORD-12463,2025-04-26,Supplier A (Germany),Air Freight,Raw Materials,14498.43,14,14,False,0,False,True
ORD-12464,2025-07-10,Supplier E (Vietnam),Ocean Cargo,Electronics,1575.46,14,13,False,0,False,True
ORD-12465,2025-03-03,Supplier E (Vietnam),Express Courier,Heavy Machinery,2539.02,14,12,False,0,False,True
ORD-12466,2025-09-13,Supplier D (India),Ocean Cargo,Electronics,2608.87,14,21,True,7,False,False
ORD-12467,2025-01-07,Supplier D (India),Air Freight,Heavy Machinery,3163.45,7,7,False,0,False,True
ORD-12468,2025-06-04,Supplier B (China),Air Freight,Electronics,2134.05,30,29,False,0,False,True
ORD-12469,2025-04-02,Supplier E (Vietnam),Ocean Cargo,Industrial Components,3027.22,21,21,False,0,False,True
ORD-12470,2025-01-14,Supplier B (China),Air Freight,Raw Materials,10980.74,7,5,False,0,False,True
ORD-12471,2025-08-17,Supplier D (India),Ocean Cargo,Heavy Machinery,23330.8,30,30,False,0,False,True
ORD-12472,2025-03-27,Supplier E (Vietnam),Express Courier,Industrial Components,1428.64,21,26,True,5,False,False
ORD-12473,2025-05-13,Supplier E (Vietnam),Air Freight,Raw Materials,2136.91,14,16,True,2,False,False
ORD-12474,2025-07-02,Supplier D (India),Express Courier,Raw Materials,5830.44,30,30,False,0,False,True
ORD-12475,2025-03-03,Supplier B (China),Ocean Cargo,Raw Materials,1388.19,14,19,True,5,False,False
ORD-12476,2025-08-07,Supplier E (Vietnam),Air Freight,Electronics,5952.38,30,30,False,0,False,True
ORD-12477,2025-09-03,Supplier C (USA),Express Courier,Industrial Components,7571.01,45,44,False,0,False,True
ORD-12478,2025-08-18,Supplier E (Vietnam),Express Courier,Industrial Components,8608.64,14,14,False,0,False,True
ORD-12479,2025-03-20,Supplier C (USA),Ocean Cargo,Raw Materials,7403.56,14,16,True,2,True,False
ORD-12480,2025-05-29,Supplier B (China),Express Courier,Heavy Machinery,3202.87,14,18,True,4,True,False
ORD-12481,2025-05-18,Supplier B (China),Express Courier,Industrial Components,4249.96,7,9,True,2,False,False
ORD-12482,2025-11-10,Supplier C (USA),Express Courier,Electronics,1912.9,21,20,False,0,False,True
ORD-12483,2025-03-06,Supplier D (India),Ocean Cargo,Heavy Machinery,7125.75,14,14,False,0,False,True
ORD-12484,2025-01-13,Supplier B (China),Express Courier,Heavy Machinery,17724.24,14,19,True,5,False,False
ORD-12485,2025-08-01,Supplier C (USA),Rail Freight,Heavy Machinery,7113.58,7,16,True,9,False,False
ORD-12486,2025-08-30,Supplier B (China),Express Courier,Heavy Machinery,2818.61,7,6,False,0,False,True
ORD-12487,2025-08-01,Supplier D (India),Air Freight,Industrial Components,10892.54,45,45,False,0,True,False
ORD-12488,2025-06-30,Supplier B (China),Ocean Cargo,Raw Materials,32614.67,30,32,True,2,False,False
ORD-12489,2025-12-04,Supplier A (Germany),Ocean Cargo,Heavy Machinery,5970.11,14,12,False,0,False,True
ORD-12490,2025-06-22,Supplier A (Germany),Air Freight,Electronics,7658.55,30,29,False,0,False,True
ORD-12491,2025-06-09,Supplier A (Germany),Rail Freight,Electronics,8452.02,7,5,False,0,False,True
ORD-12492,2025-06-13,Supplier B (China),Air Freight,Raw Materials,1361.63,7,7,False,0,False,True
ORD-12493,2025-07-07,Supplier A (Germany),Air Freight,Industrial Components,3537.24,45,47,True,2,False,False
ORD-12494,2025-07-10,Supplier A (Germany),Rail Freight,Raw Materials,3258.12,21,25,True,4,False,False
ORD-12495,2025-11-04,Supplier E (Vietnam),Ocean Cargo,Heavy Machinery,9584.41,7,6,False,0,False,True
ORD-12496,2025-09-13,Supplier D (India),Air Freight,Industrial Components,8731.53,14,12,False,0,False,True
ORD-12497,2025-07-02,Supplier B (China),Ocean Cargo,Industrial Components,4462.26,45,45,False,0,False,True
ORD-12498,2025-04-27,Supplier E (Vietnam),Ocean Cargo,Heavy Machinery,3105.4,21,26,True,5,False,False
ORD-12499,2025-10-09,Supplier A (Germany),Air Freight,Electronics,1275.03,45,44,False,0,False,True
